Moon number	Moon name	Kingdom	Any%	Dark Side	Darker Side	Post Game	Image 	Pre peace	post peace
001	Frog-jumping above the Fog	Cap	0	0	0	1	none	0	0
002	Frog-jumping from the Top Deck	Cap	0	0	0	1	https://drive.google.com/open?id=1VVeQSlz-CEJAhI_y06zNNiLNgpMDwQrD	0	0
003	Cap Kingdom Timer Challenge 1	Cap	0	1	1	1	https://drive.google.com/open?id=1ZzW9tyIkK_6_Nn6JKahNQw8mk4ntoHrA	0	0
004	Good Evening, Captain Toad!	Cap	0	1	1	1	https://drive.google.com/open?id=1I_worfj6VXM9sVaJzxTefY667ujNRsFE	0	0
005	Shopping in Bonneton	Cap	0	1	1	1	https://drive.google.com/open?id=1XQ8Y4VcH1ND1T_Y9-zFpHkVCh1tb4mXI	0	0
006	Skimming the Poison Tide	Cap	0	0	0	1	none	0	0
007	Slipping through the Poison Tide	Cap	0	0	0	1	none	0	0
008	Push-Block Peril	Cap	0	0	0	1	none	0	0
009	Hidden Among the Push-Blocks	Cap	0	0	0	1	none	0	0
010	Searching the Frog Pond	Cap	0	0	0	1	none	0	0
011	Secrets of the Frog Pond	Cap	0	0	0	1	none	0	0
012	The Forgotten Treasure	Cap	0	0	0	1	none	0	0
013	Taxi Flying Through Bonneton	Cap	0	0	0	1	none	0	0
014	Bonnetter Blockade	Cap	0	1	1	1	https://drive.google.com/open?id=1wD6rc3A8TQhWvNRfdVaCjfLb8E5228Vc	0	0
015	Cap Kingdom Regular Cup	Cap	0	0	0	1	none	0	0
016	Peach in the Cap Kingdom	Cap	0	1	1	1	https://drive.google.com/open?id=1DVH6ZkoxH47tfCIywoIxczICd7q3L8q7	0	0
017	Found with Cap Kingdom Art	Moon	0	0	1	1	none	0	0
018	Next to Glasses Bridge	Cap	0	1	1	1	https://drive.google.com/open?id=1AdAPil1TUUJ4SjNR0S73rgIOlch0zh2v	0	0
019	Danger Sign	Cap	0	0	1	1	https://drive.google.com/open?id=1X-UfikWHW_elvXL-0pVzx65gm_tAf_jV	0	0
020	Under the Big One’s Brim	Cap	0	1	1	1	https://drive.google.com/open?id=1Pmdf18FGSNtRcESwOoSIcFWJJCZqYsYE	0	0
021	Fly to the Edge of the Fog	Cap	0	1	1	1	https://drive.google.com/open?id=12t7rB82NTs72VprfbdXJWOnLlJ0mLuQH	0	0
022	Spin the Hat, Get a Prize	Cap	0	1	1	1	https://drive.google.com/open?id=1ISzRpPaG627fPKmG10ayzDoGaF2Xl2wO	0	0
023	Hidden in a Sunken Hat	Cap	0	1	1	1	https://drive.google.com/open?id=18qsMCrl0VA57zaD8EKBPzlSMRlYvTdv9	0	0
024	Fog-Shrouded Platform	Cap	0	1	1	1	https://drive.google.com/open?id=144J3oqp3K3_fsqJcHZ9drirEDgWM82P8	0	0
025	Bird Traveling in the Fog	Cap	0	1	1	1	https://drive.google.com/open?id=1esWgklyynsScijsYc62hpvpGrfUJvgCI	0	0
026	Caught Hopping Near the Ship!	Cap	0	1	1	1	https://drive.google.com/open?id=1hreWZRleZOL0fIjYwMk6CHtPjAvaEGhn	0	0
027	Taking Notes: In the Fog	Cap	0	0	1	1	https://drive.google.com/open?id=1sVq3nga6urv2JQPFyoJEAeXm2oZo1wTV	0	0
028	Cap Kingdom Timer Challenge 2	Cap	0	1	1	1	https://drive.google.com/open?id=1YoN0WKv1J5g6aYYiJuIFTobYAqshp2BU	0	0
029	Cap Kingdom Master Cup	Cap	0	0	0	1	none	0	0
030	Roll On and On	Cap	0	0	1	1	https://drive.google.com/open?id=1rE4gSlOHvcLNYjhBUw7c-afssrouBLh0	0	0
031	Precision Rolling	Cap	0	0	1	1	https://drive.google.com/open?id=1slQ6hg3QXxDaxxBEaYNwht5Iajmm4KDg	0	0
032	Our First Power Moon	Cascade	1	1	1	0	https://drive.google.com/open?id=1XAQoIIPeVXN32HVrjwWkqHEk0O0lrF7I	1	
033	Multi Moon Atop the Falls	Cascade	1	1	1	0	https://drive.google.com/open?id=1_oAr8KPok_LJmWspUXd0R116rbXP3Iyh	1	
034	Chomp Through the Rocks	Cascade	0	1	1	0	https://drive.google.com/open?id=1pseR3vbhIjf6ub8jNpSQDWpzZskEqtr_	1	
035	Behind the Waterfall	Cascade	0	1	1	0	https://drive.google.com/open?id=13YAP6fgvkBvMzCbgKDyXn3Jk9-aXwVY-	1	
036	On Top of the Rubble	Cascade	0	1	1	0	https://drive.google.com/open?id=19CATTSHK2wR9tJ5YIVY9JnXRiIZ30_nH	1	
037	Treasure of the Waterfall Basin	Cascade	1	1	1	0	https://drive.google.com/open?id=1oKuHWusvUI-TXTtrNWlFmVDVafu9z28S	1	
038	Above a High Cliff	Cascade	1	1	1	0	https://drive.google.com/open?id=1MBgzuIIU5pib30dLoNahsZTf49YhsDB8	1	
039	Across the Floating Isles	Cascade	0	1	1	0	https://drive.google.com/open?id=1y_SgsnlnRsEO1mai58cnz_ZYSPJvZkZ_	1	
040	Cascade Kingdom Timer Challenge 1	Cascade	0	1	1	0	https://drive.google.com/open?id=1v071rVZyvXtNU8xLdakiHMIzwW-Ck4Nz	1	
041	Cascade Kingdom Timer Challenge 2	Cascade	0	1	1	0	https://drive.google.com/open?id=1YabtX43bMfSdYRf8mqWtSrudoe3VP_aI	1	
042	Good Morning, Captain Toad!	Cascade	0	1	1	0	https://drive.google.com/open?id=1mLHbvuDjfUO6FPqBeywegSrO0nx1xhmv	1	
043	Dinosaur Nest: Big Cleanup!	Cascade	0	0	0	0	none	0	
044	Dinosaur Nest: Running Wild!	Cascade	0	0	0	0	none	0	
045	Nice Shot with the Chain Chomp!	Cascade	0	0	0	0	none	0	
046	Very Nice Shot with the Chain Chomp!	Cascade	0	0	0	0	none	0	
047	Past the Chasm Lifts	Cascade	0	0	0	0	none	0	
048	Hidden Chasm Passage	Cascade	0	0	0	0	none	0	
049	Secret Path to Fossil Falls!	Cascade	0	0	1	1	https://drive.google.com/open?id=1tVqZnBj1lHl315Ys_jCKggsKqjO_FjQp	0	
050	A Tourist in the Cascade Kingdom	Cascade	0	0	1	1	https://drive.google.com/open?id=1koZGfvWnX39teRdnuOnu4y7MbUWNlMFO	0	
051	Rolling Rock by the Falls	Cascade	0	1	1	1	https://drive.google.com/open?id=1Sur3fB-tLjzza2JBSAeXX9XXVFkHRKfX	1	
052	Peach in the Cascade Kingdom	Cascade	0	1	1	1	https://drive.google.com/open?id=1Gh3iEp4hMs9nB8HvIBMCtkyV2H7Y4VWL	1	
053	Cascade Kingdom Regular Cup	Cascade	0	0	0	1	none	0	
054	Caveman Cave-Fan	Cascade	0	0	0	1	none	0	
055	Shopping in Fossil Falls	Cascade	0	1	1	1	https://drive.google.com/open?id=155UkhnZMC_4fhcfbsq3rIcZTUSaR7EmX	1	
056	Sphynx Traveling to the Waterfall	Cascade	0	0	0	1	none	0	
057	Bottom of the Waterfall Basin	Cascade	0	1	1	1	https://drive.google.com/open?id=1lYkTW4pOlYYCQZsfUGHqUW4HV5PM5HZM	1	
058	Just a Hat, Skip, and a Jump	Cascade	0	1	1	1	https://drive.google.com/open?id=1JnRtONUf-2EG61ajmGsvFn7rrLekZhGq	1	
059	Treasure Under the Cliff	Cascade	0	1	1	1	https://drive.google.com/open?id=1MYSYgdN1YHPX9Tu3YXnsXUpu6Py7TTxK	1	
060	Next to the Stone Arch	Cascade	0	1	1	1	https://drive.google.com/open?id=1MoLXtmeNXz7BojSYfGGOUm6BAcFuRCnR	1	
061	Guarded by a Colossal Fossil	Cascade	0	1	1	1	https://drive.google.com/open?id=1f-atlXdL_b5scKzFuQsPlZShIHzpMD1S	1	
062	Under the Old Electrical Pole	Cascade	0	0	1	1	https://drive.google.com/open?id=1U14lV6dHtDAkfI0nO9FvF0C-dhKkKvy5	0	
063	Under the Ground	Cascade	0	1	1	1	https://drive.google.com/open?id=17eDJMpQJL3yxBT-yj3vnE_CMdheWLsig	1	
064	Inside the Busted Fossil	Cascade	0	1	1	1	https://drive.google.com/open?id=18Hf9ck-zCUDVCh2ZgHEouEeVZTbA0AbF	1	
065	Caught Hopping at the Waterfall!	Cascade	0	0	0	1	https://drive.google.com/open?id=1paT27kW_18rVfOxCMLtb5-iZikp7uDw7	0	
066	Taking Notes: Hurry Upward	Cascade	0	1	1	1	https://drive.google.com/open?id=1_WaxhGcQll8NMMVQtKYblKB5nWEdr2Qx	1	
067	Across the Mysterious Clouds	Cascade	0	0	1	1	https://drive.google.com/open?id=1A548Vb98GnXYldWuGnrgiLdlCovT9d6k	0	
068	Cascade Kingdom Master Cup	Cascade	0	0	0	1	none	0	
069	Atop a Wall Among the Clouds	Cascade	0	0	1	1	https://drive.google.com/open?id=1Fu7Ed_cxrSbDa1ntJxp9yp74ulQvr8z6	0	
070	Across the Gusty Bridges	Cascade	0	0	0	1	none	0	
071	Flying Far Away from Gusty Bridges	Cascade	0	0	0	1	none	0	
072	Atop the Highest Tower	Sand	0	0	1	0	https://drive.google.com/open?id=1BqAcBTeogd_aBHpVFNJHmrEkHbgLRxz_	1	
073	Moon Shards in the Sand	Sand	0	0	0	0	none	1	
074	Showdown on the Inverted Pyramid	Sand	0	0	1	0	https://drive.google.com/open?id=1FQEVVavxvRx7uDCq8p7MLvaDRWR4z6Xk	1	
075	The Hole in the Desert	Sand	0	0	1	0	https://drive.google.com/open?id=1Qy20NIBX5ryLGOhlGHMfoIoIeD6RaKUn	1	
076	Overlooking the Desert Town	Sand	1	1	1	0	https://drive.google.com/open?id=1CKI9RQm8_ZU6DUmm7PzbI6HbxA9N8qNA	1	
077	Alcove in the Ruins	Sand	1	1	1	0	https://drive.google.com/open?id=13o0xUhyIDDUhnAXZQqfAugN4C5JQWqQi	1	
078	On the Leaning Pillar	Sand	1	1	1	0	https://drive.google.com/open?id=1ToX6uu7k0wkviuNK_9g6US4a2_H5IzzW	1	
079	Hidden Room in the Flowing Sands	Sand	1	1	1	0	https://drive.google.com/open?id=108RF95YSsm0DLN_P0Q0CVh2YoaG8jEzE	1	
080	Secret of the Mural	Sand	0	0	1	0	https://drive.google.com/open?id=1DVvPeOLjvZ1Qfd5xYuHRe0SaGoIdrOFK	1	
081	Secret of the Inverted Mural	Sand	0	0	1	0	https://drive.google.com/open?id=108k3M1AHj6Y3mZEGTuSkFcjjhNNp0--g	1	
082	On Top of Stone Archway	Sand	1	1	1	0	https://drive.google.com/open?id=1GPlgG7GwVGWTDUmkakxE-LbOJsJNdeRb	1	
083	From a Crate In The Ruins	Sand	1	1	1	0	https://drive.google.com/open?id=1BnX7D5N2oPXgKLqp5BLjdry5JOphEUOq	1	
084	On the Lone Pillar	Sand	1	1	1	0	https://drive.google.com/open?id=1vhEq3Ro1Bho5_38h2NbF5ZCshqNcWhB_	1	
085	On the Statue’s Tail	Sand	0	0	0	0	https://drive.google.com/open?id=1rlSi_FtDVHNfyg2xXmq_SwDHLqJArNU9	1	
086	Hang Your Hat on the Fountain	Sand	0	0	1	0	https://drive.google.com/open?id=1nC8vzIuE5xqQYJswz07n62jIiPqdGauy	0	1
087	Where the Birds Gather	Sand	1	1	1	0	https://drive.google.com/open?id=1jkl3GXB7k83JnJpS4qC29db85VICWRCo	1	
088	Top of a Dune	Sand	1	1	1	0	https://drive.google.com/open?id=1dSrtWaqFTjscN5kNKl41H0STF9edKfeO	1	
089	Lost in the Luggage	Sand	1	1	1	0	https://drive.google.com/open?id=16cxKuThaeJzX011II2HBA5IYiKze_-3n	1	
090	Bullet Bill Breakthrough	Sand	0	0	1	0	https://drive.google.com/open?id=130Bk31QhRbI9zdtVkJcLh7yACejHFnsg	1	
091	Inside a Block Is a Hard Place	Sand	1	1	1	0	https://drive.google.com/open?id=1AFqkbOGB2J8DHol8a-u343fwhPXOdvWR	1	
092	Bird Traveling the Desert	Sand	1	1	1	0	https://drive.google.com/open?id=1vtc0JyNV2qtOBZ_LMymb1qYJEATT1SYg	1	
093	Bird Traveling Wastes	Sand	0	0	1	0	https://drive.google.com/open?id=1E4lb_B36JZ6z7LKq89s2Ga0-GJDztwQk	0	1
094	The Lurker Under the Stone	Sand	0	0	1	0	https://drive.google.com/open?id=1hSyxT8X7g6wAnnhMuD3drWlEIfBbIJtw	1	
095	The Treasure of Jaxi Ruins	Sand	1	1	1	0	https://drive.google.com/open?id=1mEo7Ol69J2bwVLpSRRTPn3qQ-a4KQ-v1	1	
096	Desert Gardening: Plaza Seed	Sand	1	1	1	0	https://drive.google.com/open?id=19f0t4dtXGW9EUd0xKkc1kfPkGThHYYnh	1	
097	Desert Gardening: Ruins Seed	Sand	0	0	0	0	none	1	
098	Desert Gardening: Seed on the Cliff	Sand	0	0	0	0	none	1	
099	Sand Kingdom Timer Challenge 1	Sand	0	0	1	0	https://drive.google.com/open?id=1-BA6XMHyq6dIqRPSbk-P8yAhSIEYRIVK	0	1
100	Sand Kingdom Timer Challenge 2	Sand	0	0	1	0	https://drive.google.com/open?id=1uRRRBmhSnaMPzHHHguQ-9BaADIChHx8F	0	1
101	Sand Kingdom Timer Challenge 3	Sand	0	0	1	0	https://drive.google.com/open?id=1EkKFF_7edpCyap0JJWe-bk3-1j8PtmhS	0	1
102	Found in the Sand! Good Dog!	Sand	0	0	1	0	https://drive.google.com/open?id=1llP0jxo-WJRWgb29eVFM4hrdUvVxGpwX	0	1
103	Taking Notes: Jump on the Palm	Sand	1	1	1	0	https://drive.google.com/open?id=1MOqvZ5BBu5_MmO8bD0U2M_1geKzK7HZK	1	
104	Herding Sheep in the Dunes	Sand	0	0	0	0	none	1	
105	Fishing in the Oasis	Sand	0	0	1	0	https://drive.google.com/open?id=1s-NFfr0SibH_sIjDNdr8qP-1XlMK3kxP	1	
106	Love in the Heart of the Desert	Sand	0	0	1	0	https://drive.google.com/open?id=1VcpX8yJsqIxyDQ91LADDg8GGuq4OpboP	1	
107	Among the Five Cactuses	Sand	0	0	1	0	https://drive.google.com/open?id=1pYBbu3wFYsxDD3VHh7cwm7r8SImk0lnv	1	
108	You’re Quite a Catch, Captain Toad!	Sand	0	0	0	0	none	1	
109	Jaxi Reunion!	Sand	0	0	1	0	https://drive.google.com/open?id=1I3nKFU90vgilVwHTuh4hcOmd_ZHiyx1A	1	
110	Welcome Back, Jaxi!	Sand	0	0	1	0	https://drive.google.com/open?id=1pKaK7UE3UfjmOEtXCPGFiCgpeirrbhT5	1	
111	Wandering Cactus	Sand	1	1	1	0	https://drive.google.com/open?id=1nc8G07C_7TqutB_96RptVzc6I8UUQKco	1	
112	Sand Quiz: Wonderful!	Sand	0	0	0	0	none	1	
113	Shopping in Tostarena	Sand	0	0	0	0	https://drive.google.com/open?id=1qzVi1ZiYbY8KP1oT-YOpCdRTUwH914Rd	1	
114	Employees Only	Sand	1	1	1	0	https://drive.google.com/open?id=1WKfmt9ULNF9aTscmiiQhv8xihSn3C4ZT	1	
115	Sand Kingdom Slots	Sand	0	0	1	0	https://drive.google.com/open?id=1_X18qD3APcZmqY0fn8WHrnN63Pw35uxO	1	
116	Walking the Desert!	Sand	0	0	0	0	none	1	
117	Hidden Room in the Inverted Pyramid	Sand	0	0	1	0	https://drive.google.com/open?id=1PWAe4cX_jBZ24rlBAypwRJ9gr3y_VLzr	1	
118	Underground Treasure Chest	Sand	0	0	1	0	https://drive.google.com/open?id=1X-yHV3xwp5SUjiQ8rwdHRfDihtNLwUvr	1	
119	Goomba Tower Assembly	Sand	0	0	1	0	https://drive.google.com/open?id=1BhUZSS3S-pSfceyrlo1YGnmYbE_2sXdv	1	
120	Under the Mummy’s Curse	Sand	0	0	0	0	none	1	
121	Ice Cave Treasure	Sand	0	0	0	0	none	1	
122	Sphynx’s Treasure Vault	Sand	1	1	1	0	https://drive.google.com/open?id=1LjvBkqlXYE4nfIYcuYD9QZuBrbNU09c0	1	
123	A Rumble from the Sandy Floor	Sand	1	1	1	0	https://drive.google.com/open?id=1gwGn-31OpKTmRvKZMMc-cysp0YjLTWdX	1	
124	Dancing with New Friends	Sand	0	0	0	0	none	1	
125	The Invisible Maze	Sand	0	0	1	0	https://drive.google.com/open?id=1tLno-HntxI61rPWVVhmUjfU9bikxOcg4	1	
126	Skull Sign in the Transparent Maze	Sand	0	0	1	0	https://drive.google.com/open?id=1-_8gNa6HkWmo9kMr6koTqO0eXOHfy5xR	1	
127	The Bullet Bill Maze: Break Through!	Sand	0	0	1	0	https://drive.google.com/open?id=1xDVLUx_aLEHPeLSEVPCR5YwTHRH_BIPJ	1	
128	The Bullet Bill Maze: Side Path	Sand	0	0	1	0	https://drive.google.com/open?id=11k1K1K4q4aLn7uZrz2uPGqS8dY-WF70P	1	
129	Jaxi Driver	Sand	0	0	0	0	none	1	
130	Jaxi Stunt Driving	Sand	0	0	0	0	none	1	
131	Strange Neighborhood	Sand	0	0	0	0	none	0	1
132	Above a Strange Neighborhood	Sand	0	0	0	0	none	0	
133	Secret Path to Tostarena!	Sand	0	0	1	1	https://drive.google.com/open?id=1-xevtAKUrgU08pnySasPtWIrRwGaUIFU	0	
134	All warp painting locations in all kingdoms	Sand	0	0	0	1	none	0	
135	Found with Sand Kingdom Art	Bowsers	0	0	0	1	none	0	
136	Jammin’ in the Sand Kingdom	Sand	0	0	1	1	https://drive.google.com/open?id=1BBGseDDFfHRJeC9_d-euJDcMz43LANG8	0	
137	Hat-and-Seek: In the Sand	Sand	0	0	1	1	https://drive.google.com/open?id=1ew3hAifJ0-63_o17i8m0DnkCDJBzAnht	0	
138	Sand Kingdom Regular Cup	Sand	0	0	0	1	none	0	
139	Binding Band Returned	Sand	0	0	0	1	none	0	
140	Round-the-World Tourist	Sand	0	0	0	1	none	0	
141	Peach in the Sand Kingdom	Sand	0	0	1	1	https://drive.google.com/open?id=1DVvPeOLjvZ1Qfd5xYuHRe0SaGoIdrOFK	0	
142	Mighty Leap from the Palm Tree!	Sand	0	0	1	1	https://drive.google.com/open?id=1di-8_oAaL2O66v8-y5EeQX91DfK0WN_M	0	
143	On the North Pillar	Sand	0	0	1	1	https://drive.google.com/open?id=1M9GRGasyQhT8JisayjmHD9r7DEoZzFb2	0	
144	Into the Flowing Sands	Sand	0	0	1	1	https://drive.google.com/open?id=1cgZTKJNyWsUfBNRZ724JAO8JZQhACpja	0	
145	In the Skies Above the Canyon	Sand	0	0	1	1	https://drive.google.com/open?id=1tLno-HntxI61rPWVVhmUjfU9bikxOcg4	0	
146	Island in the Poison Swamp	Sand	0	0	1	1	https://drive.google.com/open?id=11h_rd2qjD0Fov9DdN2VfL5iIKDt_ofj7	0	
147	An invisible Gleam	Sand	0	0	1	1	https://drive.google.com/open?id=1aUsbRCEU4mj1_Oxp2niEopRI82FJXADy	0	
148	On the Eastern Pillar	Sand	0	0	1	1	https://drive.google.com/open?id=1tgnU4XvUFko0Uqp7xhE_ZqIPqszz-gxf	0	
149	Caught Hopping in the Desert!	Sand	0	0	1	1	https://drive.google.com/open?id=1ew3hAifJ0-63_o17i8m0DnkCDJBzAnht	0	
150	Poster Cleanup	Sand	0	0	0	1	none	0	
151	Taking Notes: Running Down	Sand	0	0	0	1	none	0	
152	Taking Notes: In the Wall Painting	Sand	0	0	1	1	https://drive.google.com/open?id=1qaMTpSbkmFBrnVAY7ak1e4tm8VGeXpxP	0	
153	Love at the Edge of the Desert	Sand	0	0	0	1	none	0	
154	More Walking in the Desert	Sand	0	0	0	1	none	0	
155	Sand Kingdom Master Cup	Sand	0	0	0	1	none	0	
156	Where the Transparent Platforms End	Sand	0	0	0	1	none	0	
157	Jump Onto the Transparent Lift	Sand	0	0	0	1	none	0	
158	Colossal Ruins: Dash! Jump!	Sand	0	0	0	1	https://drive.google.com/open?id=1q2iPN1NZV8YT6xGy2temWaHZVEk1Tw8c		
159	Sinking Colossal Ruins: Hurry!	Sand	0	0	0	1	https://drive.google.com/open?id=1eJ8b1wy9qlPV7MlS7jRwe7sEfBs0uPgr	0	
160	Through the Freezing Waterway	Sand	0	0	0	1	none	0	
161	Freezing Waterway: Hidden Room	Sand	0	0	0	1	none	0	
162	Broodals Over the Lake	Lake	1	1	1	0	https://drive.google.com/open?id=1qKgCG7RQzKNyo4TWH-dF4vk82Mf-olEH	1	
163	Dorrie-Back Rider	Lake	1	1	1	0	https://drive.google.com/open?id=1_WBp_sjPQ4NHwCDCj6tKtyUR3pyjxiH0	1	
164	Cheep Cheep Crossing	Lake	1	1	1	0	https://drive.google.com/open?id=1-0kEgQmaEvEUdY97fOdNyn1gQCnbyf2B	1	
165	End of the Hidden Passage	Lake	1	1	1	0	https://drive.google.com/open?id=1efn-AVQrY3bMHkfkVjeWh766lqW_eXqv	1	
166	What’s in the Box?	Lake	0	1	1	0	https://drive.google.com/open?id=1xX8cIR1RTBqeXWr-2fPRzeX19Ff7H8ce	1	
167	On the Lakeshore	Lake	1	1	1	0	https://drive.google.com/open?id=1iF8SXT0YsMW0fiAbX-i2RWrJzhtKmC5D	1	
168	From the Broken Pillar	Lake	1	1	1	0	https://drive.google.com/open?id=1w7QGviHX16D6Kcuk-iNYCqcU6DL_hOAT	1	
169	Treasure in the Spiky Waterway	Lake	1	1	1	0	https://drive.google.com/file/d/1QmT3M-s_XX-Iog8Y5fVWpoHVYfemad55/view	1	
170	Lake Gardening: Spiky Passage Seed	Lake	0	0	0	0	none	0	
171	Lake Kingdom Timer Challenge 1	Lake	0	1	0	0	https://drive.google.com/open?id=1PJxFA9ghacFUzdz0NT792jcYkB9enLED	1	
172	Lake Kingdom Timer Challenge 2	Lake	0	1	1	0	https://drive.google.com/open?id=1yIiS_rBLLsYgLjI3CMp6QfV-EfGo9vRp	1	
173	Moon Shards in the Lake	Lake	0	0	0	0	none	0	
174	Taking Notes: Dive and Swim	Lake	0	1	1	0	https://drive.google.com/open?id=18dhTBHLsoyqNXt011xtW-31fUX0C-mlW	1	
175	Taking Notes: In the Cliffside	Lake	0	0	0	0	https://drive.google.com/open?id=1PJxFA9ghacFUzdz0NT792jcYkB9enLED	0	
176	Lake Fishing	Lake	0	0	1	0	https://drive.google.com/open?id=10iV61b0Ue8YizSPoH80US9MKDYTbaqv4	0	
177	I Met a Lake Cheep Cheep!	Lake	0	1	1	0	https://drive.google.com/open?id=1f_H4VjC2xjoRRjbhfcOtPXEv4TY4ZJmp	1	
178	Our Secret Little Room	Lake	0	1	1	0	https://drive.google.com/open?id=1PzP9oHGZSMkoWhs4fNG5wiO94_eiUHUo	1	
179	Let’s Go Swimming, Captain Toad!	Lake	0	0	0	0	https://drive.google.com/open?id=1TNdbSosf1_i478W3xWCfhNmQvYgdWNq8	0	
180	Shopping in Lake Lamode	Lake	0	0	0	0	https://drive.google.com/open?id=14jPgKWxbL6Cxm1FTEBYLLgStRYteO3AR	0	
181	A Successful Repair Job	Lake	0	0	0	0	none	0	
182	I Feel Underdressed	Lake	0	0	0	0	none	0	
183	Unzip the Chasm	Lake	0	0	0	0	none	0	
184	Super-Secret Zipper	Lake	0	0	0	0	none	0	
185	Jump, Grab, Cling, and Climb	Lake	0	0	1	0	https://drive.google.com/open?id=1oI3hYN0MizPRL3ug58l4nX_i7gO-uT3E	0	
186	Jump, Grab, and Climb Some More	Lake	0	0	1	0	https://drive.google.com/open?id=1izngYFkBQ9wnb4fTby4pzdXQREMPJGpf	0	
187	Secret Path to Lake Lamode!	Lake	1	1	1	0	https://drive.google.com/open?id=1yQreRKe7xD0PPW91JLWkRTGMETp2CkP8	1	
188	Found with Lake Kingdom Art	Cascade	0	1	1	0	https://drive.google.com/open?id=1t6VPUsxotPgwwi0MJiJFG12ZlI2ZeWDr	1	
189	Taxi Flying Through Lake Lamode	Lake	0	0	0	1	none	0	
190	That Trendy “Pirate” Look	Lake	0	0	0	1	none	0	
191	Space Is “In” Right Now	Lake	0	0	0	1	none	0	
192	That “Old West” Style	Lake	0	0	0	1	none	0	
193	Lake Kingdom Regular Cup	Lake	0	0	0	1	none	0	
194	Peach in the Lake Kingdom	Lake	0	1	1	1	https://drive.google.com/open?id=1chQGXi3mmwH8aWNQ2k7fgaCFb-OnJ2Os	1	
195	Behind the Floodgate	Lake	0	1	1	1	https://drive.google.com/open?id=1EaE4Fzq9AoPHCie_8pCnkHcWbhYRY7MC	1	
196	High-Flying Leap	Lake	0	1	1	1	https://drive.google.com/open?id=1RnJV3P80QxNjr-hP-MK-hu_1xutPfTnu	1	
197	Deep, Deep Down	Lake	0	0	0	1	https://drive.google.com/open?id=1YBQd_IiYaRXMftYTEISOPNo9zqgCCS4s	0	
198	Rooftop of the Water Plaza	Lake	0	1	1	1	https://drive.google.com/open?id=1xX8cIR1RTBqeXWr-2fPRzeX19Ff7H8ce	1	
199	Bird Traveling Over the Lake	Lake	0	1	1	1	https://drive.google.com/open?id=1nOoCTm193kcgTq5HWl3eLvzhj1yYqe7f	1	
200	Love by the Lake	Lake	0	1	1	1	https://drive.google.com/open?id=1gMmY7NEx0ZJGXi6PTZzXCBXGaXHqb2t5	1	
201	Lake Kingdom Master Cup	Lake	0	0	0	1	none	0	
202	Waves of Poison: Hoppin’ Over	Lake	0	0	1	1	https://drive.google.com/open?id=143ISieAiRdaYbvhboZF1igtkXmP1dNss	0	
203	Waves of Poison: Hop to It!	Lake	0	0	1	1	https://drive.google.com/open?id=1xZrnDaWLf5Vfk8WmS9L-p4iwhS4nRK96	0	
204	Road to Sky Garden	Wooded	1	1	1	0	https://drive.google.com/open?id=1WHpFb3xGhx--b-fcTILP7u_uy5ZAzl2P	1	
205	Flower Thieves of Sky Garden	Wooded	1	1	1	0	https://drive.google.com/open?id=1edTPkHcZ1fUy9RUrZUDcV-_d9cy0TESB	1	
206	Path to the Secret Flower Field	Wooded	0	0	1	0	https://drive.google.com/open?id=1d_iru25Z2me52V537iuXdI2VYiInFKsM	0	
207	Defend the Secret Flower Field!	Wooded	0	0	1	0	https://drive.google.com/open?id=1palcc9r4baiYerC2lLZV-OOrFGwk3auu	0	
208	Behind the Rock Wall	Wooded	1	1	1	0	https://drive.google.com/open?id=1F-qQCi2IKznsxD8xW3Gk4LxDsGUTbyqv	1	
209	Back Way Up the Mountain	Wooded	0	0	0	0	none	0	
210	Rolling Rock in the Woods	Wooded	1	1	1	0	https://drive.google.com/open?id=1LfZZDFnWuDVkyt1PUdJth6AyrlmrQN_K	1	
211	Caught Hopping in the Forest!	Wooded	1	1	1	0	https://drive.google.com/open?id=1LfZZDFnWuDVkyt1PUdJth6AyrlmrQN_K	1	
212	Thanks for the Charge!	Wooded	0	0	1	0	https://drive.google.com/open?id=16rLfCpqwuHQ5g9jrV5sYEjBLBsfMzQCP	0	
213	Atop a Tall Tree	Wooded	1	1	1	0	https://drive.google.com/open?id=1T91t_tei4kmB5nGpWMLSm5dhAYVRCw9L	1	
214	Tucked Away Inside a Tunnel	Wooded	1	1	1	0	https://drive.google.com/open?id=1vdab8uIXKM5euAmFSxHy_g8O8Yl5TgIr	1	
215	Over the Cliff’s Edge	Wooded	0	0	1	0	https://drive.google.com/open?id=1-ako_udN_UT4ElxbpQyUBMxPTXfvgwCY	0	
216	The Nut ‘Round The Corner	Wooded	1	1	1	0	https://drive.google.com/open?id=1XxMlUGNfaflfEOnXPe2Cb6mKFwvEwBo2	1	
217	Climb the Cliff to Get the Nut	Wooded	1	1	1	0	https://drive.google.com/open?id=1bB_vyNg_jeiB6fPjyqiubYcrRZKurtc0	1	
218	The Nut in the Red Maze	Wooded	1	1	1	0	https://drive.google.com/open?id=1nDkv487RBeAYBXjdUj3EwLVacO37OYWh	1	
219	The Nut at the Dead End	Wooded	1	1	1	0	https://drive.google.com/open?id=1mXYBdAKgPkjMSGs5Wyc3C6yQEfDylEp4	1	
220	Cracked Nut on a Crumbling Tower	Wooded	1	1	1	0	https://drive.google.com/open?id=15TC1x7nuxzkkTt-fWZ3_0saa1gjnCocw	1	
221	The Nut that Grew on the Tall Fence	Wooded	1	1	1	0	https://drive.google.com/open?id=11myUDyUlTcmwQn_QclfpV4zFoPDfU-H6	1	
222	Fire in the Cave	Wooded	0	0	1	0	https://drive.google.com/open?id=1XPK0MWQ1pEWZKOG5HSkj7lIPGmP7B07y	0	
223	Hey Out There, Captain Toad!	Wooded	0	0	1	0	https://drive.google.com/open?id=1y3-nUsp7Lr5_fdD1xogcZxBBU4F8ASow	0	
224	Love in the Forest Ruins	Wooded	0	0	1	0	https://drive.google.com/open?id=1XOeaJV6U_dXYiTokoUaod4dZxy_IHblf	0	
225	Inside the Rock in the Forest	Wooded	0	0	0	0	none	0	
226	Shopping in Steam Gardens	Wooded	1	1	1	0	https://drive.google.com/open?id=1jtGtoYNhZSmUnaIoAXso6mpO8S-pPxHp	1	
227	Nut Planted in the Tower	Wooded	1	1	1	0	https://drive.google.com/open?id=1YdDANXr7BAWpOfI0xDZsYg6DLAoMaPgU	1	
228	Stretching Your Legs	Wooded	1	1	1	0	https://drive.google.com/open?id=1C4tUAocYvNTDnIh84s3x7-gtN-T68dbC	1	
229	Spinning-Platforms Treasure	Wooded	0	0	1	0	https://drive.google.com/open?id=1abVJ_MPsu8rUMIsRKqNVeQZ9xd89LmED	0	
230	Make the Secret Flower Field Bloom	Wooded	0	0	0	0	none	0	
231	Rolling Rock in the Deep Woods	Wooded	0	0	1	0	https://drive.google.com/open?id=12rJ3gTpYNvf9GFhWuqjwChxVjv02_2ZO	0	
232	Glowing in the Deep Woods	Wooded	0	0	1	0	https://drive.google.com/open?id=12sSuMITQd-lL6_juJc0vdA76ho8KqSfi	0	
233	Past The Peculiar Pipes	Wooded	0	0	0	0	none	0	
234	By the Babbling Brook in the Deep Woods	Wooded	0	0	1	0	https://drive.google.com/open?id=1VlFaDA0JJLDp4td-lO5EHAADYGKeiVrp	0	
235	The Hard Rock in Deep Woods	Wooded	0	0	1	0	https://drive.google.com/open?id=1DhyP6xF3CbAnX2-LyJ7ULKVvgFmBAmpP	0	
236	A Treasure Made of Coins	Wooded	0	0	0	0	none	0	
237	Beneath the Roots of a Moving Tree	Wooded	0	0	1	0	https://drive.google.com/open?id=1YObU5ms4y_Dd-OvwACcRAvNgMhjCEyrB	0	
238	Deep Woods Treasure Trap	Wooded	0	0	0	0	https://drive.google.com/open?id=13hv8ymdAyKmrD6Eydk67IkciVSeXUlrS	0	
239	Exploring for Treasure	Wooded	0	0	0	0	none	0	
240	Wooded Kingdom Timer Challenge 1	Wooded	0	0	0	0	https://drive.google.com/open?id=1qKuuxhVKWhy5FtmMG0L9vmgRpSe6ir5K	0	
241	Wooded Kingdom Timer Challenge 2	Wooded	0	0	1	0	https://drive.google.com/open?id=15gtCsChlpSLasGqnOAK6pWq5eNA2ZYdQ	0	
242	Flooding Pipeway	Wooded	1	1	1	0	https://drive.google.com/open?id=161V2eZ4sStyH4tS81diuna0kjauNrViC	1	
243	Flooding Pipeway Ceiling Secret	Wooded	1	1	1	0	https://drive.google.com/open?id=1EYKeFaet5cLKF2FzEc0LDPuhZP50cG5G	1	
244	Wandering in the Fog	Wooded	0	0	0	0	none	0	
245	Nut Hidden in the Fog	Wooded	0	0	0	0	none	0	
246	Flower Road Run	Wooded	0	0	0	0	none	0	
247	Flower Road Reach	Wooded	0	0	0	0	none	0	
248	Elevator Escalation	Wooded	0	0	0	0	none	0	
249	Elevator Blind Spot	Wooded	0	0	0	0	none	0	
250	Walking on Clouds	Wooded	0	0	0	0	none	0	
251	Above the Clouds	Wooded	0	0	0	0	none	0	
252	Secret Path to the Steam Gardens	Wooded	0	0	1	0	https://drive.google.com/open?id=1HdyXoT78joVAr2y5o5i8pJL30WAfZNpJ	0	
253	Found with Wooded Kingdom Art	Sand	0	0	1	1	https://drive.google.com/open?id=1pYBbu3wFYsxDD3VHh7cwm7r8SImk0lnv	0	
254	Swing Around Secret Flower Field	Wooded	0	0	0	1	none	0	
255	Jammin’ in the Wooded Kingdom	Wooded	0	0	0	1	none	0	
256	Wooded Kingdom Regular Cup	Wooded	0	0	0	1	none	0	
257	Peach in the Wooded Kingdom	Wooded	0	0	1	1	https://drive.google.com/open?id=1AwIm8YM9A58U6LZ2lBQQ9fFArG35Gu2R	0	
258	High Up in the Cave	Wooded	0	0	0	1	https://drive.google.com/open?id=1q6DB-4N9Q9HMysDdzUv1XPySfVTvJIaG	0	
259	Lost in the Tall Trees	Wooded	0	0	1	1	https://drive.google.com/open?id=1c1Xs02dEI3B5swSABgtxWQNovfpvGaxn	0	
260	Looking Down on the Goombas	Wooded	0	0	1	1	https://drive.google.com/open?id=1c1Xs02dEI3B5swSABgtxWQNovfpvGaxn	0	
261	High Up on a Rock Wall	Wooded	0	0	1	1	https://drive.google.com/open?id=1vkbVtbybWuqj5HHSPj0Vwp6y0oJ2h12Z	0	
262	The Nut in the Robot Storeroom	Wooded	0	0	1	1	https://drive.google.com/open?id=1_OMSTWILTG0Y2127R-Rm1RR5CX6Gw68T	0	
263	Above the Iron Mountain Path	Wooded	0	0	1	1	https://drive.google.com/open?id=1YgfRQEGosi1aDRsod-Iu5KTW1v1Og6m5	0	
264	The Nut Under the Observation Deck	Wooded	0	0	1	1	https://drive.google.com/open?id=1dL1O079aLuTxi8EGghUQYTHdPOtaGk8X	0	
265	Bird Traveling the Forest	Wooded	0	0	1	1	https://drive.google.com/open?id=1qKuuxhVKWhy5FtmMG0L9vmgRpSe6ir5K	0	
266	Invader in the Sky Garden	Wooded	0	0	0	1	none	0	
267	Hot, Hot, Hot from the Campfire	Wooded	0	0	0	1	none	0	
268	Wooded Kingdom Timer Challenge 3	Wooded	0	0	1	1	https://drive.google.com/open?id=1uVBo8UMKrFbAK5sR2qvAUn-iSMs9ykRC	0	
269	Moon Shards in the Forest	Wooded	0	0	1	1	https://drive.google.com/open?id=1OmdIOrG-eUs391JH8EEU9v2KUV-xQFe8	0	
270	Taking Notes: On Top of the Wall	Wooded	0	0	0	1	none	0	
271	Taking Notes: Stretching	Wooded	0	0	0	1	none	0	
272	Wooded Kingdom Master Cup	Wooded	0	0	0	1	none	0	
273	I Met an Uproot!	Wooded	0	0	0	1	https://drive.google.com/open?id=1YFYr14Z8dQ_VzoUKTzPL5NbjDiKjMH_i	0	
274	Invisible Road: Danger!	Wooded	0	0	0	1	none	0	
275	Invisible Road: Hidden Room	Wooded	0	0	0	1	none	0	
276	Herding Sheep Above the Forest Fog	Wooded	0	0	0	1	none	0	
277	Herding Sheep on the Iron Bridge	Wooded	0	0	0	1	none	0	
278	Down and Back Breakdown Road	Wooded	0	0	1	1	https://drive.google.com/open?id=1OUZKHxksTs2x5qWjvtYRyMCITB8aKHQ9	0	
279	Below Breakdown Road	Wooded	0	0	1	1	https://drive.google.com/open?id=1AfqQoqePqoasnIvV1sAnfqG8pB2fyRkn	0	
280	Picture Match: Basically a Goomba	Cloud	0	0	0	1	none	0	
281	Peach in the Cloud Kingdom	Cloud	0	0	0	1	none	0	
282	Digging in the… Cloud?	Cloud	0	0	0	1	none	0	
283	High, High Above the Clouds	Cloud	0	0	0	1	none	0	
284	Crossing the Cloud Sea	Cloud	0	0	0	1	none	0	
285	Taking Notes: Up and Down	Cloud	0	0	0	1	none	0	
286	Picture Match: A Stellar Goomba!	Cloud	0	0	0	1	none	0	
287	King of the Cube!	Cloud	0	0	0	1	none	0	
288	The Sixth Face	Cloud	0	0	0	1	none	0	
289	Atop a Propeller Pillar	Lost	1	1	1	0	none	1	
290	Below the Cliff’s Edge	Lost	1	1	1	0	none	1	
291	Inside the Stone Cage	Lost	1	1	1	0	none	1	
292	On a Tree in the Swamp	Lost	1	1	1	0	none	1	
293	Over the Fuzzies, Above the Swamp	Lost	0	1	1	0	none	1	
294	Avoiding Fuzzies Inside the Wall	Lost	0	1	1	0	none	1	
295	Inside the Rising Stone Pillar	Lost	1	1	1	0	none	1	
296	Enjoying the View of Forgotten Isle	Lost	0	1	1	0	none	1	
297	On the Mountain Road	Lost	1	1	1	0	none	1	
298	A Propeller Pillar’s Secret	Lost	1	1	1	0	none	1	
299	Wrecked Rock Block	Lost	1	1	1	0	none	1	
300	A Butterfly’s Treasure	Lost	1	1	1	0	none	1	
301	Caught Hopping in the Jungle!	Lost	0	1	1	0	none	1	
302	Cave Gardening	Lost	0	1	1	0	none	1	
303	Moon Shards in the Jungle	Lost	0	1	1	0	none	1	
304	Peeking Out from Under the Bridge	Lost	1	1	1	0	none	1	
305	Twist ‘n’ Turn-Up Treasure	Lost	0	0	1	0	none	0	
306	Soaring Over the Forgotten Isle!	Lost	0	0	1	0	none	0	
307	The Caged Gold	Lost	1	1	1	0	none	1	
308	Get Some Rest, Captain Toad	Lost	0	1	1	0	none	1	
309	Shopping on Forgotten Isle	Lost	0	1	1	0	none	1	
310	Taxi Flying Through Forgotten Isle	Lost	0	0	0	1	none	0	
311	I met a Tropical Wiggler!	Lost	0	0	0	1	none	0	
312	Lost Kingdom Regular Cup	Lost	0	0	0	1	none	0	
313	Peach in the Lost Kingdom	Lost	0	0	0	1	none	0	
314	The Shining Fruit	Lost	0	1	1	1	none	1	
315	Jump Down to the Top of a Tree	Lost	0	1	1	1	none	1	
316	Line It Up, Blow It Up	Lost	0	1	1	1	none	1	
317	Taking Notes: Stretch and Shrink	Lost	0	1	1	1	none	1	
318	Lost Kingdom Master Cup	Lost	0	0	0	1	none	0	
319	Lost Kingdom Timer Challenge	Lost	0	1	1	1	none	1	
320	Stretch and Traverse the Jungle	Lost	0	0	0	1	none	0	
321	A glow in the Jungle	Lost	0	0	0	1	none	0	
322	Chasing Klepto	Lost	0	0	0	1	none	0	
323	Extremely Hot Bath	Lost	0	0	0	1	none	0	
324	New Donk City’s Pest Problem	Metro	1	1	1	0	none	1	
325	Drummer on Board!	Metro	1	1	1	0	none	1	
326	Guitarist on Board!	Metro	0	0	1	0	none	0	
327	Bassist on Board!	Metro	1	1	1	0	none	1	
328	Trumpeter on Board!	Metro	0	0	1	0	none	0	
329	Powering Up the Station	Metro	0	0	1	0	none	0	
330	A Traditional Festival!	Metro	0	0	1	0	none	0	
331	Inside an Iron Girder	Metro	1	1	1	0	none	1	
332	Swaying in the Breeze	Metro	1	1	1	0	none	1	
333	Girder Sandwich	Metro	1	1	1	0	none	1	
334	Glittering Above the Pool	Metro	1	1	1	0	none	1	
335	Dizzying Heights	Metro	1	1	1	0	none	1	
336	Secret Girder Tunnel!	Metro	1	1	1	0	none	1	
337	Who Piled Garbage on This?	Metro	1	1	1	0	none	1	
338	Hidden in the Scrap	Metro	1	1	1	0	none	1	
339	Left at the Cafe?	Metro	1	1	1	0	none	1	
340	Caught Hopping on a Building!	Metro	0	0	1	0	none	0	
341	How Do They Take Out the Trash?	Metro	1	1	1	0	none	1	
342	Metro Kingdom Timer Challenge 1	Metro	0	0	1	0	none	0	
343	Metro Kingdom Timer Challenge 2	Metro	0	0	1	0	none	0	
344	City Gardening: Building Planter	Metro	0	0	1	0	none	0	
345	City Gardening: Plaza Planter	Metro	0	0	1	0	none	0	
346	City Gardening: Rooftop Planter	Metro	0	0	0	0	none	0	
347	How You Doin’, Captain Toad?	Metro	0	0	0	0	none	0	
348	Free Parking: Rooftop Hop	Metro	0	0	1	0	none	0	
349	Bench Friends	Metro	1	1	1	0	none	1	
350	Shopping in New Donk City	Metro	0	1	1	0	none	1	
351	Metro Kingdom Slots	Metro	0	0	1	0	none	0	
352	Jump-Rope Hero	Metro	0	0	0	0	none	0	
353	Jump-Rope Genius	Metro	0	0	0	0	none	0	
354	Remotely Captured Car	Metro	1	1	1	0	none	1	
355	RC Car Pro!	Metro	0	0	0	0	none	0	
356	Taking Notes: In the Private Room	Metro	0	0	0	0	none	0	
357	City Hall Lost & Found	Metro	1	1	1	0	none	1	
358	Sewer Treasure	Metro	0	0	1	0	none	0	
359	Celebrating in the Streets!	Metro	0	0	1	0	none	0	
360	Pushing Through the Crowd	Metro	1	1	1	0	none	1	
361	High Over the Crowd	Metro	1	1	1	0	none	1	
362	Rewiring the Neighborhood	Metro	0	0	0	0	none	0	
363	Off the Beaten Wire	Metro	0	0	0	0	none	0	
364	Moon Shards Under Siege	Metro	0	0	0	0	none	0	
365	Sharpshooting Under Siege	Metro	0	0	0	0	none	0	
366	Inside the Rotating Maze	Metro	0	0	0	0	none	0	
367	Outside the Rotating Maze	Metro	0	0	0	0	none	0	
368	Hanging from a High-Rise	Metro	0	0	0	0	none	0	
369	Vaulting Up a High-Rise	Metro	0	0	0	0	none	0	
370	Bullet Billding	Metro	1	1	1	0	none	1	
371	One Man’s Trash…	Metro	1	1	1	0	none	1	
372	Motor Scooter: Escape!	Metro	0	0	0	0	none	0	
373	Big Jump: Escape!	Metro	0	0	0	0	none	0	
374	Secret Path to New Donk City!	Metro	0	0	1	0	none	0	
375	A Tourist in the Metro Kingdom!	Metro	0	0	1	1	none	0	
376	Found with Metro Kingdom Art	Lake	0	0	1	1	https://drive.google.com/open?id=1lW-u3__ihvilTrHy_aoGFPthuFp--dPQ	0	
377	Bird Traveling in the City	Metro	0	0	1	1	none	0	
378	Mario Signs His Name	Metro	0	0	0	1	none	0	
379	Surprise Clown!	Metro	0	0	0	1	none	0	
380	A Request from the Mayor	Metro	0	0	0	1	none	0	
381	Jammin’ in the Metro Kingdom	Metro	0	0	0	1	none	0	
382	Sphynx in the City	Metro	0	0	1	1	none	0	
383	Free Parking: Leap of Faith	Metro	0	0	0	1	none	0	
384	Metro Kingdom Regular Cup	Metro	0	0	0	1	none	0	
385	Hat-and-Seek: In the City	Metro	0	0	1	1	none	0	
386	Powering Up the Power Plant	Metro	0	0	0	1	none	0	
387	Up on the Big Screen	Metro	0	0	0	1	none	0	
388	Down Inside the Big Screen	Metro	0	0	0	1	none	0	
389	Peach in the Metro Kingdom	Metro	0	0	1	1	none	0	
390	Hanging Between Buildings	Metro	0	0	1	1	none	0	
391	Crossing Lines	Metro	0	0	0	1	none	0	
392	Out of a Crate in the City	Metro	0	0	1	1	none	0	
393	Bird Traveling in the Park	Metro	0	0	1	1	none	0	
394	Metro Kingdom Timer Challenge 3	Metro	0	0	1	1	none	0	
395	Found in the Park! Good Dog!	Metro	0	0	1	1	none	0	
396	RC Car Champ!	Metro	0	0	0	1	none	0	
397	Metro Kingdom Master Cup	Metro	0	0	0	1	none	0	
398	Hat-and-Seek: In the Crowd	Metro	0	0	1	1	none	0	
399	Scaling Pitchblack Mountain	Metro	0	0	1	1	none	0	
400	Reaching Pitchblack Island	Metro	0	0	1	1	none	0	
401	Swinging Scaffolding: Jump!	Metro	0	0	0	1	none	0	
402	Swinging Scaffolding: Break!	Metro	0	0	0	1	none	0	
403	Moto Scooter: Daredevil!	Metro	0	0	0	1	none	0	
404	Full-Throttle Scooting!	Metro	0	0	0	1	none	0	
405	The Stone Pillar Seal	Seaside	0	0	1	0	none	0	
406	The Lighthouse Seal	Seaside	0	0	1	0	none	0	
407	The Hot Spring Seal	Seaside	0	0	1	0	none	0	
408	The Seal Above the Canyon	Seaside	0	0	1	0	none	0	
409	The Glass Is Half Full!	Seaside	0	0	1	0	none	0	
410	On the Cliff Overlooking the Beach	Seaside	1	1	1	0	none	1	
411	Ride the Jetstream	Seaside	1	1	1	0	none	1	
412	Ocean-Bottom Maze: Treasure	Seaside	0	0	1	0	none	0	
413	Ocean-Bottom Maze: Hidden Room	Seaside	0	0	1	0	none	0	
414	Underwater Highway Tunnel	Seaside	0	0	1	0	none	0	
415	Shh! It’s a Shortcut!	Seaside	1	1	1	0	none	1	
416	Gap in the Ocean Trench	Seaside	1	1	1	0	none	1	
417	Slip Through the Nesting Spot	Seaside	0	0	1	0	none	0	
418	Merci, Dorrie!	Seaside	1	1	1	0	none	1	
419	Bonjour, Dorrie!	Seaside	0	0	1	0	none	0	
420	Under a Dangerous Ceiling	Seaside	1	1	1	0	none	1	
421	What the Waves Left Behind	Seaside	0	1	1	0	none	1	
422	The Back Canyon: Excavate!	Seaside	0	1	1	0	none	1	
423	Bubblaine Northern Reaches	Seaside	1	1	1	0	none	1	
424	Wriggling on the Sandy Bottom	Seaside	0	0	0	0	none	0	
425	Glass Palace Treasure Chest	Seaside	1	1	1	0	none	1	
426	Treasure Trap Hidden in the Inlet	Seaside	0	0	1	0	none	0	
427	Sea Gardening: Inlet Seed	Seaside	0	0	1	0	none	0	
428	Sea Gardening Canyon Seed	Seaside	0	0	0	0	none	0	
429	Sea Gardening: Hot-Spring Seed	Seaside	0	0	0	0	none	0	
430	Sea Gardening: Ocean Trench Seed	Seaside	0	0	0	0	none	0	
431	Seaside Kingdom Timer Challenge 1	Seaside	0	0	0	0	none	0	
432	Seaside Kingdom Timer Challenge 2	Seaside	0	0	0	0	none	0	
433	Found on the Beach! Good Dog!	Seaside	0	0	0	0	none	0	
434	Moon Shards in the Sea	Seaside	0	0	0	0	none	0	
435	Taking Notes: Ocean Surface Dash	Seaside	0	0	1	0	none	0	
436	Love by the Seaside	Seaside	0	0	0	0	none	0	
437	Lighthouse Leaper	Seaside	0	0	1	0	none	0	
438	Good Job, Captain Toad!	Seaside	0	1	1	0	none	1	
439	Ocean Quiz: Good!	Seaside	0	0	0	0	none	0	
440	Shopping in Bubblaine	Seaside	0	0	1	0	none	0	
441	Beach Volleyball: Champ	Seaside	0	0	0	0	none	0	
442	Beach Volleyball: Hero of the Beach!	Seaside	0	0	0	0	none	0	
443	Looking Back in the Dark Waterway	Seaside	0	0	0	0	none	0	
444	The Sphynx’s Underwater Vault	Seaside	1	1	1	0	none	1	
445	A Rumble on the Seaside Floor	Seaside	1	1	1	0	none	1	
446	A Relaxing Dance	Seaside	0	0	0	0	none	0	
447	Wading in the Cloud Sea	Seaside	0	0	0	0	none	0	
448	Sunken Treasure in the Cloud Sea	Seaside	0	0	0	0	none	0	
449	Fly Through the Narrow Valley	Seaside	0	0	0	0	none	0	
450	Treasure Chest in the Narrow Valley	Seaside	0	0	0	0	none	0	
451	Hurry and Stretch	Seaside	0	0	0	0	none	0	
452	Stretch on the Side Path	Seaside	0	0	0	0	none	0	
453	Secret Path to Bubblaine	Seaside	0	0	1	0	none	0	
454	Found with Seaside Kingdom Art	Metro	0	0	0	0	none	0	
455	Seaside Kingdom Regular Cup	Seaside	0	0	0	1	none	0	
456	Peach in the Seaside Kingdom	Seaside	0	0	1	1	none	0	
457	Above the Parasol: Catch!	Seaside	0	0	1	1	none	0	
458	What Shines Inside the Glass	Seaside	0	0	1	1	none	0	
459	A Fine Detail on the Glass	Seaside	0	0	1	1	none	0	
460	Underwater Highway West: Explore!	Seaside	0	0	1	1	none	0	
461	Underwater Highway East: Explore!	Seaside	0	0	1	1	none	0	
462	Rapid Ascent on Hot Spring Island	Seaside	0	0	1	1	none	0	
463	A Light Next to the Lighthouse	Seaside	0	0	1	1	none	0	
464	The Tall Rock Shelf in the Deep Ocean	Seaside	0	0	1	1	none	0	
465	At the Base of the Lighthouse	Seaside	0	0	1	1	none	0	
466	Bird Traveling Over the Ocean	Seaside	0	0	1	1	none	0	
467	Caught Hopping at Glass Palace!	Seaside	0	0	1	1	none	0	
468	Seaside Kingdom Timer Challenge 3	Seaside	0	0	0	1	none	0	
469	Taking Notes: Ocean-Bottom Maze	Seaside	0	0	1	1	none	0	
470	Taking Notes in the Sea	Seaside	0	0	0	1	none	0	
471	Seaside Kingdom Master Cup	Seaside	0	0	0	1	none	0	
472	Aim! Poke!	Seaside	0	0	0	1	none	0	
473	Poke! Roll!	Seaside	0	0	0	1	none	0	
474	The Spinning Maze: Search!	Seaside	0	0	0	1	none	0	
475	The Spinning Maze: Open!	Seaside	0	0	0	1	none	0	
476	The Icicle Barrier	Snow	1	1	1	1	none	1	
477	The Ice Wall Barrier	Snow	0	0	1	0	none	0	
478	The Gusty Barrier	Snow	1	1	1	0	none	1	
479	The Snowy Mountain Barrier	Snow	0	0	1	0	none	0	
480	The Bound Bowl Grand Prix	Snow	0	0	1	0	none	0	
481	Entrance to Shiveria	Snow	1	1	1	0	none	1	
482	Behind the Snowy Mountain	Snow	1	1	1	0	none	1	
483	Shining in the Snow in Town	Snow	1	1	1	0	none	1	
484	Atop a Blustery Arch	Snow	1	1	1	0	none	1	
485	Caught Hopping in the Snow!	Snow	0	0	1	0	none	0	
486	The Shiverian Treasure Chest	Snow	1	1	1	0	none	1	
487	Treasure in the Ice Wall	Snow	0	0	1	0	none	0	
488	Snow Kingdom Timer Challenge 1	Snow	0	0	1	0	none	0	
489	Snow Kingdom Timer Challenge 2	Snow	0	0	1	0	none	0	
490	Moon Shards in the Snow	Snow	0	0	0	0	none	0	
491	Taking Notes: Snow Path Dash	Snow	0	0	1	0	none	0	
492	Fishing in the Glacier!	Snow	0	0	1	0	none	0	
493	Ice-Dodging Goomba Stack	Snow	1	1	1	0	none	1	
494	Captain Toad is Chilly!	Snow	1	1	1	0	none	1	
495	I’m Not Cold!	Snow	0	0	0	0	none	0	
496	Shopping in Shiveria	Snow	1	1	1	0	none	1	
497	Walking on Ice!	Snow	0	0	0	0	none	0	
498	Snowline Circuit Class S	Snow	0	0	0	0	none	0	
499	Dashing Over Cold Water!	Snow	0	0	0	0	none	0	
500	Dashing Above and Beyond!	Snow	0	0	0	0	none	0	
501	Jump ‘n’ Swim in the Freezing Water	Snow	0	0	0	0	none	0	
502	Freezing Water Near the Ceiling	Snow	0	0	0	0	none	0	
503	Blowing and Sliding	Snow	0	0	0	0	none	0	
504	Moon Shards in the Cold Room	Snow	0	0	0	0	none	0	
505	Slip Behind the Ice	Snow	0	0	0	0	none	0	
506	Spinning Above the Clouds	Snow	0	0	0	0	none	0	
507	High-Altitude Spinning	Snow	0	0	0	0	none	0	
508	Secret Path to Shiveria!	Snow	1	1	1	0	none	1	
509	Found with Snow Kingdom Art	Lost	0	1	1	0	none	1	
510	Snow Kingdom Regular Cup	Snow	0	0	0	1	none	0	
511	Hat-and-Seek in the Snow	Snow	0	0	1	1	none	0	
512	Peach in the Snow Kingdom	Snow	0	0	1	1	none	0	
513	Shining on High	Snow	0	0	1	1	none	0	
514	Above the Freezing Fish Pond	Snow	0	0	1	1	none	0	
515	Ice Floe Swimming	Snow	0	0	1	1	none	0	
516	Icy Jump Challenge	Snow	0	0	1	1	none	0	
517	Forgotten in the Holding Room	Snow	0	0	1	1	none	0	
518	It Popped Out of the Ice	Snow	0	0	1	1	none	0	
519	Deep in the Cold, Cold Water	Snow	0	0	1	1	none	0	
520	Water Pooling in the Crevasse	Snow	0	0	1	1	none	0	
521	Squirming Under the Ice	Snow	0	0	1	1	none	0	
522	Snow Kingdom Timer Challenge 3	Snow	0	0	1	1	none	0	
523	Stacked-Up Ice Climb	Snow	0	0	0	1	none	0	
524	I Met a Snow Cheep Cheep!	Snow	0	0	0	1	none	0	
525	Even More Walking on Ice!	Snow	0	0	0	1	none	0	
526	Snow Kingdom Master Cup	Snow	0	0	0	1	none	0	
527	Iceburn Circuit Class A	Snow	0	0	0	1	none	0	
528	Iceburn Circuit Class S	Snow	0	0	0	1	none	0	
529	Running the Flower Road	Snow	0	0	0	1	none	0	
530	Looking Back on the Flower Road	Snow	0	0	0	1	none	0	
531	The Broodals Are After Some Cookin’	Luncheon	1	1	1	0	none	1	
532	Under the Cheese Rocks	Luncheon	1	1	1	0	none	1	
533	Big Pot on the Volcano: Dive In!	Luncheon	1	1	1	0	none	1	
534	Climb Up the Cascading Magma	Luncheon	0	0	1	0	none	0	
535	Cookatiel Showdown!	Luncheon	0	0	1	0	none	0	
536	Piled on the Salt	Luncheon	1	1	1	0	none	1	
537	Lurking in the Pillar’s Shadow	Luncheon	1	1	1	0	none	1	
538	Atop the Jutting Crag	Luncheon	1	1	1	0	none	1	
539	Is This an Ingredient Too?!	Luncheon	1	1	1	0	none	1	
540	Atop a Column in a Row	Luncheon	1	1	1	0	none	1	
541	Surrounded by Tall Mountains	Luncheon	1	1	1	0	none	1	
542	Island of Salt Floating in the Lava	Luncheon	1	1	1	0	none	1	
543	Overlooking a Bunch of Ingredients	Luncheon	1	1	1	0	none	1	
544	Light the Lantern on the Small Island	Luncheon	1	1	1	0	none	1	
545	Golden Turnip Recipe 1	Luncheon	1	1	1	0	none	1	
546	Golden Turnip Recipe 2	Luncheon	0	0	0	0	none	0	
547	Golden Turnip Recipe 3	Luncheon	0	0	0	0	none	0	
548	Luncheon Kingdom Timer Challenge 1	Luncheon	0	0	1	0	none	0	
549	Luncheon Kingdom Timer Challenge 2	Luncheon	0	0	0	0	none	0	
550	Luncheon Kingdom Timer Challenge 3	Luncheon	0	0	1	0	none	0	
551	Beneath the Rolling Vegetables	Luncheon	0	0	0	0	none	0	
552	All the Cracks Are Fixed	Luncheon	0	0	1	0	none	0	
553	Taking Notes: Swimming in Magma	Luncheon	0	0	1	0	none	0	
554	Love Above the Lava	Luncheon	0	0	1	0	none	0	
555	Shopping in Mount Volbono	Luncheon	0	0	0	0	none	0	
556	Luncheon Kingdom Slots	Luncheon	0	0	1	0	none	0	
557	A Strong Simmer	Luncheon	0	0	0	0	none	0	
558	An Extreme Simmer	Luncheon	0	0	0	0	none	0	
559	Alcove Behind the Pillars of Magma	Luncheon	0	0	1	0	none	0	
560	Treasure Beneath the Cheese Rocks	Luncheon	0	0	0	0	none	0	
561	Light the Two Flames	Luncheon	0	0	1	0	none	0	
562	Light the Far-Off Lanterns	Luncheon	0	0	1	0	none	0	
563	Bon Appetit, Captain Toad!	Luncheon	0	0	1	0	none	0	
564	The Treasure Chest in the Veggies	Luncheon	0	0	1	0	none	0	
565	Caught Hopping at the Volcano!	Luncheon	0	0	0	0	none	0	
566	Taking Notes: Big Pot Swim	Luncheon	0	0	0	0	none	0	
567	Magma Swamp: Floating and Sinking	Luncheon	0	0	0	0	none	0	
568	Corner of the Magma Swamp	Luncheon	1	1	1	0	none	1	
569	Magma Narrow Path	Luncheon	0	1	1	0	none	1	
570	Crossing to the Magma	Luncheon	0	1	1	0	none	1	
571	Fork Flickin’ to the Summit	Luncheon	1	1	1	0	none	1	
572	Fork Flickin’ Detour	Luncheon	1	1	1	0	none	1	
573	Excavate ‘n’ Search the Cheese Rocks	Luncheon	0	0	0	0	none	0	
574	Climb the Cheese Rocks	Luncheon	0	0	0	0	none	0	
575	Spinning Athletics End Goal	Luncheon	0	0	0	0	none	0	
576	Taking Notes: Spinning Athletics	Luncheon	0	0	0	0	none	0	
577	Secret Path to Mount Volbono!	Luncheon	0	0	1	0	none	0	
578	A Tourist in the Luncheon Kingdom!	Luncheon	0	0	1	0	none	0	
579	Found with Luncheon Kingdom Art	Seaside	0	0	1	0	none	0	
580	The Rooftop Lantern	Luncheon	0	0	0	1	none	0	
581	Jammin’ in the Luncheon Kingdom	Luncheon	0	0	1	1	none	0	
582	Mechanic: Repairs Complete!	Luncheon	0	0	0	1	none	0	
583	Diving from the Big Pot!	Luncheon	0	0	0	1	none	0	
584	Hat-and-Seek: Among the Food	Luncheon	0	0	1	1	none	0	
585	Luncheon Kingdom: Regular Cup	Luncheon	0	0	0	1	none	0	
586	Peach in the Luncheon Kingdom	Luncheon	0	0	1	1	none	0	
587	From Inside a Bright Stone	Luncheon	0	0	1	1	none	0	
588	Under the Meat Plateau	Luncheon	0	0	1	1	none	0	
589	On Top of a Tall, Tall Roof	Luncheon	0	0	1	1	none	0	
590	From a Crack in the Hard Ground	Luncheon	0	0	1	1	none	0	
591	By the Cannon Pointed at the Big Pot	Luncheon	0	0	1	1	none	0	
592	Luncheon Kingdom: Master Cup	Luncheon	0	0	0	1	none	0	
593	Stepping Over the Gears and Lanterns on the Gear Steps	Luncheon	0	0	0	1	none	0	
594	Lanterns on the Gear Steps	Luncheon	0	0	0	1	none	0	
595	Volcano Cave Cruisin’	Luncheon	0	0	0	1	none	0	
596	Volcano Cave and Mysterious Clouds	Luncheon	0	0	0	1	none	0	
597	Treasure of the Lava Islands	Luncheon	0	0	1	1	none	0	
598	Flying Over the Lava Islands	Luncheon	0	0	1	1	none	0	
599	Battle with the Lord of Lightning!	Ruined	1	1	1	0	none	1	
600	In the Ancient Treasure Chest	Ruined	0	1	1	0	none	1	
601	Roulette Tower: Climbed	Ruined	0	0	0	0	none	0	
602	Roulette Tower: Stopped	Ruined	0	0	0	0	none	0	
603	Peach in the Ruined Kingdom	Ruined	0	0	0	1	none	0	
604	Caught in a Big Horn	Ruined	0	0	0	1	none	0	
605	Upon the Broken Arch	Ruined	0	0	0	1	none	0	
606	Rolling Rock on the Battlefield	Ruined	0	0	0	1	none	0	
607	Charging Through an Army	Ruined	0	0	0	1	none	0	
608	The Mummy’s Curse	Ruined	0	0	0	1	none	0	
609	Infiltrate Bowser’s Castle	Bowsers	1	1	1	0	none	1	
610	Smart Bombing	Bowsers	1	1	1	0	none	1	
611	Big Broodal Battle	Bowsers	1	1	1	0	none	1	
612	Showdown at Bowser’s Castle	Bowsers	1	1	1	0	none	1	
613	Behind the Big Wall	Bowsers	0	1	1	0	none	1	
614	Treasure Inside the Turret	Bowsers	0	1	1	0	none	1	
615	From the Side above the Castle Gate	Bowsers	1	1	1	0	none	1	
616	Sunken Treasure in the Moat	Bowsers	0	1	1	0	none	1	
617	Past the Moving Wall	Bowsers	0	0	1	0	none	0	
618	Above the Poison Swamp	Bowsers	0	1	1	0	none	1	
619	Knocking Down the Nice Frame	Bowsers	0	1	1	0	none	1	
620	Caught on the Iron Fence	Bowsers	0	1	1	0	none	1	
621	On the Giant Bowser Statue’s Nose	Bowsers	0	1	1	0	none	1	
622	Inside a Block in the Castle	Bowsers	0	1	1	0	none	1	
623	Caught Hopping at Bowser’s Castle!	Bowsers	0	1	1	0	none	1	
624	Exterminate the Ogres!	Bowsers	0	0	0	0	none	0	
625	Bowser’s Kingdom Timer Challenge 1	Bowsers	0	1	1	0	none	1	
626	Taking notes: Between spinies	Bowsers	0	1	1	0	none	1	
627	Stack up above the wall	Bowsers	0	0	0	0	none	0	
628	Hidden Corridor Under the Floor	Bowsers	1	1	1	0	none	1	
629	Poking Your Nose in the Plaster Wall	Bowsers	0	0	1	0	none	0	
630	Poking the Turret Wall	Bowsers	0	1	1	0	none	1	
631	Poking Your Nose by the Great Gate	Bowsers	0	1	1	0	none	1	
632	Jizo All in a Row	Bowsers	0	1	1	0	none	1	
633	Underground Jizo	Bowsers	0	1	1	0	none	1	
634	Found Behind Bars!	Bowsers	0	0	0	0	none	0	
635	Fishing(?) in Bowser’s Castle	Bowsers	0	0	0	0	none	0	
636	Good to See You, Captain Toad!	Bowsers	0	0	1	0	none	0	
637	Shopping at Bowser’s Castle	Bowsers	0	0	0	0	none	0	
638	Bowser’s Castle Treasure Vault	Bowsers	0	0	0	0	none	0	
639	Scene of Crossing the Poison Swamp	Bowsers	0	0	0	0	none	0	
640	Taking Notes: In the Folding Screen	Bowsers	0	0	0	0	none	0	
641	On Top of the Spinning Tower	Bowsers	0	0	0	0	none	0	
642	Down and Up the Spinning Tower	Bowsers	0	0	0	0	none	0	
643	Jizo’s Big Adventure	Bowsers	0	1	1	0	none	1	
644	Jizo and the Hidden Room	Bowsers	0	1	1	0	none	1	
645	Dashing Above the Clouds	Bowsers	0	0	0	0	none	0	
646	Dashing Through the Clouds	Bowsers	0	0	0	0	none	0	
647	Sphynx Over Bowser’s Castle	Bowsers	0	0	0	0	none	0	
648	I Met a Pokio!	Bowsers	0	0	0	0	none	0	
649	Bowser’s Kingdom Regular Cup	Bowsers	0	0	0	0	none	0	
650	A Rumble Under the Arena Floor	Bowsers	0	1	1	0	none	1	
651	Secret Path to Bowser’s Castle	Bowsers	0	1	1	0	none	1	
652	Peach in Bowser’s Kingdom	Bowsers	0	0	0	0	none	0	
653	Found with Bowser’s Kingdom Art	Sand	0	0	1	0	https://drive.google.com/open?id=1-EnErbqdu0-z5h-svNW73T9kpUztnM_7	0	
654	Behind the Tall Wall: Poke, Poke!	Bowsers	0	0	0	1	none	0	
655	From Crates in the Moat	Bowsers	0	1	1	1	none	1	
656	Caught on the Giant Horn	Bowsers	0	1	1	1	none	1	
657	Inside a Block at the Gate	Bowsers	0	0	0	1	none	0	
658	Small Bird in Bowser’s Castle	Bowsers	0	1	1	1	none	1	
659	Invader in Bowser’s Castle	Bowsers	0	0	1	1	none	0	
660	Jumping from Flag to Flag	Bowsers	0	0	0	1	none	0	
661	Bowser’s Kingdom Timer Challenge 2	Bowsers	0	0	0	1	none	0	
662	Taking Notes: On the Wall	Bowsers	0	0	1	1	none	0	
663	Taking Notes with a Spinning Throw	Bowsers	0	0	0	1	none	0	
664	Third Courtyard Outskirts	Bowsers	0	1	1	1	none	1	
665	Stone Wall Circuit	Bowsers	0	0	0	1	none	0	
666	Bowser’s Kingdom Master Cup	Bowsers	0	0	0	1	none	0	
667	Searching Hexagon Tower	Bowsers	0	0	0	1	none	0	
668	Center of Hexagon Tower	Bowsers	0	0	0	1	none	0	
669	Climb the Wooden Tower	Bowsers	0	0	0	1	none	0	
670	Poke the Wooden Tower	Bowsers	0	0	0	1	none	0	
671	Shining Above the Moon	Moon	0	1	1	0	none	1	
672	Along the Cliff Face	Moon	0	0	0	0	none	0	
673	The Tip of a White Spire	Moon	0	0	1	0	none	0	
674	Rolling Rock on the Moon	Moon	0	1	1	0	none	1	
675	Caught Hopping on the Moon!	Moon	0	1	1	0	none	1	
676	Cliffside Treasure Chest	Moon	0	1	1	0	none	1	
677	Moon Kingdom Timer Challenge 1	Moon	0	0	0	0	none	0	
678	Taking Notes: On the Moon’s Surface	Moon	0	0	0	0	none	0	
679	Under the Bowser Statue	Moon	0	0	0	0	none	0	
680	In a Hole in the Magma	Moon	0	0	0	0	none	0	
681	Around the Barrier Wall	Moon	0	0	0	0	none	0	
682	On Top of the Cannon	Moon	0	0	0	0	none	0	
683	Fly to the Treasure Chest and Back	Moon	0	0	0	0	none	0	
684	Up in the Rafters	Moon	0	1	1	0	none	1	
685	Sneaking Around in the Crater	Moon	0	0	1	1	none	0	
686	Found on the Moon, Good Dog!	Moon	0	0	0	1	none	0	
687	Moon Shards on the Moon	Moon	0	0	0	1	none	0	
688	Moon Quiz: Amazing!	Moon	0	0	0	1	none	0	
689	Thanks, Captain Toad!	Moon	0	0	1	1	none	0	
690	Shopping in Honeylune Ridge	Moon	0	0	0	1	none	0	
691	Walking on the Moon!	Moon	0	0	0	1	none	0	
692	Moon Kingdom Regular Cup	Moon	0	0	0	1	none	0	
693	Doctor in the House	Moon	0	0	0	1	none	0	
694	Sphynx’s Hidden Vault	Moon	0	0	0	1	none	0	
695	A Tourist in the Moon Kingdom	Moon	0	0	1	1	none	0	
696	Peach in the Moon Kingdom	Moon	0	0	0	1	none	0	
697	Found with Moon Kindgom Art	Wooded	0	0	0	1	none	0	
698	Mysterious Flying Object	Moon	0	0	0	1	none	0	
699	Hidden on the Side of the Cliff	Moon	0	0	0	1	none	0	
700	Jumping High as a Frog	Moon	0	0	0	1	none	0	
701	Moon Kingdom Timer Challenge 2	Moon	0	0	0	1	none	0	
702	Walking on the Moon: Again!	Moon	0	0	0	1	none	0	
703	Moon Kingdom Master Cup	Moon	0	0	0	1	none	0	
704	Taking Notes: In Low Gravity	Moon	0	0	0	1	none	0	
705	Center of the Galaxy	Moon	0	0	0	1	none	0	
706	Edge of the Galaxy	Moon	0	0	0	1	none	0	
707	Navigating Giant Swings	Moon	0	0	0	1	none	0	
708	A Swing on Top of a Swing	Moon	0	0	0	1	none	0	
709	Perched on the Castle Roof	Mushroom	0	1	1	1	none	1	
710	Pops out of the Tail	Mushroom	0	1	1	1	none	1	
711	Caught Hopping at Peach’s Castle!	Mushroom	0	1	1	1	none	1	
712	Gardening for Toad: Garden Seed	Mushroom	0	0	1	1	none	0	
713	Gardening for Toad: Field Seed	Mushroom	0	0	1	1	none	0	
714	Gardening for Toad: Pasture Seed	Mushroom	0	0	0	1	none	0	
715	Gardening for Toad: Lake Seed	Mushroom	0	0	0	1	none	0	
716	Grow a Flower Garden	Mushroom	0	1	1	1	none	1	
717	Mushroom Kingdom Timer Challenge	Mushroom	0	1	1	1	none	1	
718	Found at Peach’s Castle! Good Dog!	Mushroom	0	0	0	1	none	0	
719	Taking Notes: Around the Well	Mushroom	0	0	0	1	none	0	
720	Herding Sheep at Peach’s Castle	Mushroom	0	0	0	1	none	0	
721	Gobbling Fruit with Yoshi	Mushroom	0	0	0	1	none	0	
722	Yoshi’s Second Helping!	Mushroom	0	0	0	1	none	0	
723	Yoshi’s All Filled Up!	Mushroom	0	0	0	1	none	0	
724	Love at Peach’s Castle	Mushroom	0	1	1	1	none	1	
725	Toad Defender	Mushroom	0	1	1	1	none	1	
726	Forever Onward, Captain Toad!	Mushroom	0	1	1	1	none	1	
727	Jammin’ in the Mushroom Kingdom	Mushroom	0	1	1	1	none	1	
728	Shopping Near Peach’s Castle	Mushroom	0	1	1	1	none	1	
729	Mushroom Kingdom Regular Cup	Mushroom	0	0	0	1	none	0	
730	Mushroom Kingdom Master Cup	Mushroom	0	0	0	1	none	0	
731	Picture Match: Basically Mario	Mushroom	0	0	0	1	none	0	
732	Picture Match: A Stellar Mario!	Mushroom	0	0	0	1	none	0	
733	Light from the Ceiling	Mushroom	0	1	1	1	none	1	
734	Loose-Tile Trackdown	Mushroom	0	0	0	1	none	0	
735	Totally Classic	Mushroom	0	0	0	1	none	0	
736	Courtyard Chest Trap	Mushroom	0	0	0	1	none	0	
737	Yoshi’s Feast in the Sea of Clouds	Mushroom	0	0	0	1	none	0	
738	Sunken Star in the Sea of Clouds	Mushroom	0	0	0	1	none	0	
739	Secret 2D Treasure	Mushroom	0	0	0	1	none	0	
740	2D Boost from Bullet Bill	Mushroom	0	0	0	1	none	0	
741	Tussle in Toastarena: Rematch	Mushroom	0	0	0	1	none	0	
742	Struggle in Steam Gardens: Rematch	Mushroom	0	0	0	1	none	0	
743	Dust-Up in New Donk City: Rematch	Mushroom	0	0	0	1	none	0	
744	Battle in Bubblaine: Rematch	Mushroom	0	0	0	1	none	0	
745	Blowup at Mount Volbono: Rematch	Mushroom	0	0	0	1	none	0	
746	Rumble in Crumbleden: Rematch	Mushroom	0	0	0	1	none	0	
747	Secret Path to Peach’s Castle!	Mushroom	0	0	1	1	none	0	
748	A Tourist in the Mushroom Kingdom	Mushroom	0	0	1	1	none	0	
749	Found with Mushroom Kingdom Art	Cap	0	1	1	1	https://drive.google.com/open?id=1Gmaq_bqDI3_yccrWPgwQ-WMxkiSXzU0Z	1	
750	Hat-and-Seek: Mushroom Kingdom	Mushroom	0	0	0	1	none	0	
751	Princess Peach, Home Again!	Mushroom	0	0	0	1	none	0	
752	Arrival at Rabbit Ridge	Dark	0	0	0	1	none	0	
753	Captain Toad on the Dark Side!	Dark	0	0	0	1	none	0	
754	Breakdown Road: Hurry	Dark	0	0	0	1	none	0	
755	Breakdown Road: Final Challenge!	Dark	0	0	0	1	none	0	
756	Invisible Road: Rush!	Dark	0	0	0	1	none	0	
757	Invisible Road: Secret!	Dark	0	0	0	1	none	0	
758	Vanishing Road Rush	Dark	0	0	0	1	none	0	
759	Vanishing Road Challenge	Dark	0	0	0	1	none	0	
760	Yoshi Under Siege	Dark	0	0	0	1	none	0	
761	Fruit Feast Under Siege	Dark	0	0	0	1	none	0	
762	Yoshi on the Sinking Island	Dark	0	0	0	1	none	0	
763	Fruit Feast on the Sinking Island	Dark	0	0	0	1	none	0	
764	Yoshi’s Magma Swamp	Dark	0	0	0	1	none	0	
765	Fruit Feast in the Magma Swamp!	Dark	0	0	0	1	none	0	