Moon number,Moon name,Kingdom,Any%,Dark Side,Darker Side,Pre peace,post peace
001,Frog-jumping above the Fog,Cap,0,0,0,0,
002,Frog-jumping from the Top Deck,Cap,0,0,0,0,
003,Cap Kingdom Timer Challenge 1,Cap,0,1,1,1,
004,"Good Evening, Captain Toad!",Cap,0,1,1,1,
005,Shopping in Bonneton,Cap,0,1,1,1,
006,Skimming the Poison Tide,Cap,0,0,0,0,
007,Slipping through the Poison Tide,Cap,0,0,0,0,
008,Push-Block Peril,Cap,0,0,0,0,
009,Hidden Among the Push-Blocks,Cap,0,0,0,0,
010,Searching the Frog Pond,Cap,0,0,0,0,
011,Secrets of the Frog Pond,Cap,0,0,0,0,
012,The Forgotten Treasure,Cap,0,0,0,0,
013,Taxi Flying Through Bonneton,Cap,0,0,0,0,
014,Bonnetter Blockade,Cap,0,1,1,1,
015,Cap Kingdom Regular Cup,Cap,0,0,0,0,
016,Peach in the Cap Kingdom,Cap,0,1,1,1,
017,Found with Cap Kingdom Art,Moon,0,0,1,0,
018,Next to Glasses Bridge,Cap,0,1,1,1,
019,Danger Sign,Cap,0,0,1,0,
020,Under the Big One’s Brim,Cap,0,1,1,1,
021,Fly to the Edge of the Fog,Cap,0,1,1,1,
022,"Spin the Hat, Get a Prize",Cap,0,1,1,1,
023,Hidden in a Sunken Hat,Cap,0,1,1,1,
024,Fog-Shrouded Platform,Cap,0,1,1,1,
025,Bird Traveling in the Fog,Cap,0,1,1,1,
026,Caught Hopping Near the Ship!,Cap,0,1,1,1,
027,Taking Notes: In the Fog,Cap,0,0,1,0,
028,Cap Kingdom Timer Challenge 2,Cap,0,1,1,1,
029,Cap Kingdom Master Cup,Cap,0,0,0,0,
030,Roll On and On,Cap,0,0,1,0,
031,Precision Rolling,Cap,0,0,1,0,
032,Our First Power Moon,Cascade,1,1,1,1,
033,Multi Moon Atop the Falls,Cascade,1,1,1,1,
034,Chomp Through the Rocks,Cascade,0,1,1,1,
035,Behind the Waterfall,Cascade,0,1,1,1,
036,On Top of the Rubble,Cascade,0,1,1,1,
037,Treasure of the Waterfall Basin,Cascade,0,0,1,0,
038,Above a High Cliff,Cascade,1,1,1,1,
039,Across the Floating Isles,Cascade,0,1,1,1,
040,Cascade Kingdom Timer Challenge 1,Cascade,0,1,1,1,
041,Cascade Kingdom Timer Challenge 2,Cascade,0,1,1,1,
042,"Good Morning, Captain Toad!",Cascade,0,1,1,1,
043,Dinosaur Nest: Big Cleanup!,Cascade,0,0,0,0,
044,Dinosaur Nest: Running Wild!,Cascade,0,0,0,0,
045,Nice Shot with the Chain Chomp!,Cascade,0,0,0,0,
046,Very Nice Shot with the Chain Chomp!,Cascade,0,0,0,0,
047,Past the Chasm Lifts,Cascade,0,0,0,0,
048,Hidden Chasm Passage,Cascade,0,0,0,0,
049,Secret Path to Fossil Falls!,Cascade,0,0,1,0,
050,A Tourist in the Cascade Kingdom,Cascade,0,0,1,0,
051,Rolling Rock by the Falls,Cascade,0,1,1,1,
052,Peach in the Cascade Kingdom,Cascade,0,1,1,1,
053,Cascade Kingdom Regular Cup,Cascade,0,0,0,0,
054,Caveman Cave-Fan,Cascade,0,0,0,0,
055,Shopping in Fossil Falls,Cascade,0,1,1,1,
056,Sphynx Traveling to the Waterfall,Cascade,0,0,0,0,
057,Bottom of the Waterfall Basin,Cascade,0,1,1,1,
058,"Just a Hat, Skip, and a Jump",Cascade,0,1,1,1,
059,Treasure Under the Cliff,Cascade,0,1,1,1,
060,Next to the Stone Arch,Cascade,0,1,1,1,
061,Guarded by a Colossal Fossil,Cascade,0,1,1,1,
062,Under the Old Electrical Pole,Cascade,0,0,1,0,
063,Under the Ground,Cascade,0,1,1,1,
064,Inside the Busted Fossil,Cascade,0,1,1,1,
065,Caught Hopping at the Waterfall!,Cascade,0,0,0,0,
066,Taking Notes: Hurry Upward,Cascade,0,1,1,1,
067,Across the Mysterious Clouds,Cascade,0,0,1,0,
068,Cascade Kingdom Master Cup,Cascade,0,0,0,0,
069,Atop a Wall Among the Clouds,Cascade,0,0,1,0,
070,Across the Gusty Bridges,Cascade,0,0,0,0,
071,Flying Far Away from Gusty Bridges,Cascade,0,0,0,0,
072,Atop the Highest Tower,Sand,0,0,1,0,
073,Moon Shards in the Sand,Sand,0,0,0,0,
074,Showdown on the Inverted Pyramid,Sand,0,0,1,0,
075,The Hole in the Desert,Sand,0,0,1,0,
076,Overlooking the Desert Town,Sand,1,1,1,1,
077,Alcove in the Ruins,Sand,1,1,1,1,
078,On the Leaning Pillar,Sand,1,1,1,1,
079,Hidden Room in the Flowing Sands,Sand,1,1,1,1,
080,Secret of the Mural,Sand,0,0,1,0,
081,Secret of the Inverted Mural,Sand,0,0,1,0,
082,On Top of Stone Archway,Sand,1,1,1,1,
083,From a Crate In The Ruins,Sand,1,1,1,1,
084,On the Lone Pillar,Sand,1,1,1,1,
085,On the Statue’s Tail,Sand,0,0,0,0,
086,Hang Your Hat on the Fountain,Sand,0,0,1,0,
087,Where the Birds Gather,Sand,1,1,1,1,
088,Top of a Dune,Sand,1,1,1,1,
089,Lost in the Luggage,Sand,1,1,1,1,
090,Bullet Bill Breakthrough,Sand,0,0,1,0,
091,Inside a Block Is a Hard Place,Sand,1,1,1,1,
092,Bird Traveling the Desert,Sand,1,1,1,1,
093,Bird Traveling Wastes,Sand,0,0,1,0,
094,The Lurker Under the Stone,Sand,0,0,1,0,
095,The Treasure of Jaxi Ruins,Sand,1,1,1,1,
096,Desert Gardening: Plaza Seed,Sand,1,1,1,1,
097,Desert Gardening: Ruins Seed,Sand,0,0,0,0,
098,Desert Gardening: Seed on the Cliff,Sand,0,0,0,0,
099,Sand Kingdom Timer Challenge 1,Sand,0,0,1,0,
100,Sand Kingdom Timer Challenge 2,Sand,0,0,1,0,
101,Sand Kingdom Timer Challenge 3,Sand,0,0,1,0,
102,Found in the Sand! Good Dog!,Sand,0,0,1,0,
103,Taking Notes: Jump on the Palm,Sand,1,1,1,1,
104,Herding Sheep in the Dunes,Sand,0,0,0,0,
105,Fishing in the Oasis,Sand,0,0,1,0,
106,Love in the Heart of the Desert,Sand,0,0,1,0,
107,Among the Five Cactuses,Sand,0,0,1,0,
108,"You’re Quite a Catch, Captain Toad!",Sand,0,0,0,0,
109,Jaxi Reunion!,Sand,0,0,1,0,
110,"Welcome Back, Jaxi!",Sand,0,0,1,0,
111,Wandering Cactus,Sand,1,1,1,1,
112,Sand Quiz: Wonderful!,Sand,0,0,0,0,
113,Shopping in Tostarena,Sand,0,0,0,0,
114,Employees Only,Sand,1,1,1,1,
115,Sand Kingdom Slots,Sand,0,0,1,0,
116,Walking the Desert!,Sand,0,0,0,0,
117,Hidden Room in the Inverted Pyramid,Sand,0,0,1,0,
118,Underground Treasure Chest,Sand,0,0,1,0,
119,Goomba Tower Assembly,Sand,0,0,1,0,
120,Under the Mummy’s Curse,Sand,0,0,0,0,
121,Ice Cave Treasure,Sand,0,0,0,0,
122,Sphynx’s Treasure Vault,Sand,1,1,1,1,
123,A Rumble from the Sandy Floor,Sand,1,1,1,1,
124,Dancing with New Friends,Sand,0,0,0,0,
125,The Invisible Maze,Sand,0,0,1,0,
126,Skull Sign in the Transparent Maze,Sand,0,0,1,0,
127,The Bullet Bill Maze: Break Through!,Sand,0,0,1,0,
128,The Bullet Bill Maze: Side Path,Sand,0,0,1,0,
129,Jaxi Driver,Sand,0,0,0,0,
130,Jaxi Stunt Driving,Sand,0,0,0,0,
131,Strange Neighborhood,Sand,0,0,0,0,
132,Above a Strange Neighborhood,Sand,0,0,0,0,
133,Secret Path to Tostarena!,Sand,0,0,1,0,
134,All warp painting locations in all kingdoms,Sand,0,0,0,0,
135,Found with Sand Kingdom Art,Bowsers,0,0,0,0,
136,Jammin’ in the Sand Kingdom,Sand,0,0,1,0,
137,Hat-and-Seek: In the Sand,Sand,0,0,1,0,
138,Sand Kingdom Regular Cup,Sand,0,0,0,0,
139,Binding Band Returned,Sand,0,0,0,0,
140,Round-the-World Tourist,Sand,0,0,0,0,
141,Peach in the Sand Kingdom,Sand,0,0,1,0,
142,Mighty Leap from the Palm Tree!,Sand,0,0,1,0,
143,On the North Pillar,Sand,0,0,1,0,
144,Into the Flowing Sands,Sand,0,0,1,0,
145,In the Skies Above the Canyon,Sand,0,0,1,0,
146,Island in the Poison Swamp,Sand,0,0,1,0,
147,An invisible Gleam,Sand,0,0,1,0,
148,On the Eastern Pillar,Sand,0,0,1,0,
149,Caught Hopping in the Desert!,Sand,0,0,1,0,
150,Poster Cleanup,Sand,0,0,0,0,
151,Taking Notes: Running Down,Sand,0,0,0,0,
152,Taking Notes: In the Wall Painting,Sand,0,0,1,0,
153,Love at the Edge of the Desert,Sand,0,0,0,0,
154,More Walking in the Desert,Sand,0,0,0,0,
155,Sand Kingdom Master Cup,Sand,0,0,0,0,
156,Where the Transparent Platforms End,Sand,0,0,0,0,
157,Jump Onto the Transparent Lift,Sand,0,0,0,0,
158,Colossal Ruins: Dash Jump! and Sinking Colossal Ruins: Hurry!,Sand,0,0,0,0,
159,Through the Freezing Waterway,Sand,0,0,0,0,
160,Freezing Waterway: Hidden Room,Sand,0,0,0,0,
161,Broodals Over the Lake,Lake,1,1,1,1,
162,Dorrie-Back Rider,Lake,1,1,1,1,
163,Cheep Cheep Crossing,Lake,1,1,1,1,
164,End of the Hidden Passage,Lake,1,1,1,1,
165,What’s in the Box?,Lake,0,1,1,1,
166,On the Lakeshore,Lake,1,1,1,1,
167,From the Broken Pillar,Lake,1,1,1,1,
168,Treasure in the Spiky Waterway,Lake,1,1,1,1,
169,Lake Gardening: Spiky Passage Seed,Lake,0,0,0,0,
170,Lake Kingdom Timer Challenge 1,Lake,0,1,0,1,
171,Lake Kingdom Timer Challenge 2,Lake,0,1,1,1,
172,Moon Shards in the Lake,Lake,0,0,0,0,
173,Taking Notes: Dive and Swim,Lake,0,1,1,1,
174,Taking Notes: In the Cliffside,Lake,0,0,0,0,
175,Lake Fishing,Lake,0,0,1,0,
176,I Met a Lake Cheep Cheep!,Lake,0,1,1,1,
177,Our Secret Little Room,Lake,0,1,1,1,
178,"Let’s Go Swimming, Captain Toad!",Lake,0,0,0,0,
179,Shopping in Lake Lamode,Lake,0,0,0,0,
180,A Successful Repair Job,Lake,0,0,0,0,
181,I Feel Underdressed,Lake,0,0,0,0,
182,Unzip the Chasm,Lake,0,0,0,0,
183,Super-Secret Zipper,Lake,0,0,0,0,
184,"Jump, Grab, Cling, and Climb",Lake,0,0,1,0,
185,"Jump, Grab, and Climb Some More",Lake,0,0,1,0,
186,Secret Path to Lake Lamode!,Lake,1,1,1,1,
187,Found with Lake Kingdom Art,Cascade,0,1,1,1,
188,Taxi Flying Through Lake Lamode,Lake,0,0,0,0,
189,That Trendy “Pirate” Look,Lake,0,0,0,0,
190,Space Is “In” Right Now,Lake,0,0,0,0,
191,That “Old West” Style,Lake,0,0,0,0,
192,Lake Kingdom Regular Cup,Lake,0,0,0,0,
193,Peach in the Lake Kingdom,Lake,0,1,1,1,
194,Behind the Floodgate,Lake,0,1,1,1,
195,High-Flying Leap,Lake,0,1,1,1,
196,"Deep, Deep Down",Lake,0,0,0,0,
197,Rooftop of the Water Plaza,Lake,0,1,1,1,
198,Bird Traveling Over the Lake,Lake,0,1,1,1,
199,Love by the Lake,Lake,0,1,1,1,
200,Lake Kingdom Master Cup,Lake,0,0,0,0,
201,Waves of Poison: Hoppin’ Over,Lake,0,0,1,0,
202,Waves of Poison: Hop to It!,Lake,0,0,1,0,
203,Road to Sky Garden,Wooded,1,1,1,1,
204,Flower Thieves of Sky Garden,Wooded,1,1,1,1,
205,Path to the Secret Flower Field,Wooded,0,0,1,0,
206,Defend the Secret Flower Field!,Wooded,0,0,1,0,
207,Behind the Rock Wall,Wooded,1,1,1,1,
208,Back Way Up the Mountain,Wooded,0,0,0,0,
209,Rolling Rock in the Woods,Wooded,1,1,1,1,
210,Caught Hopping in the Forest!,Wooded,1,1,1,1,
211,Thanks for the Charge!,Wooded,0,0,1,0,
212,Atop a Tall Tree,Wooded,1,1,1,1,
213,Tucked Away Inside a Tunnel,Wooded,1,1,1,1,
214,Over the Cliff’s Edge,Wooded,0,0,1,0,
215,The Nut ‘Round The Corner,Wooded,1,1,1,1,
216,Climb the Cliff to Get the Nut,Wooded,1,1,1,1,
217,The Nut in the Red Maze,Wooded,1,1,1,1,
218,The Nut at the Dead End,Wooded,1,1,1,1,
219,Cracked Nut on a Crumbling Tower,Wooded,1,1,1,1,
220,The Nut that Grew on the Tall Fence,Wooded,1,1,1,1,
221,Fire in the Cave,Wooded,0,0,1,0,
222,"Hey Out There, Captain Toad!",Wooded,0,0,1,0,
223,Love in the Forest Ruins,Wooded,0,0,1,0,
224,Inside the Rock in the Forest,Wooded,0,0,0,0,
225,Shopping in Steam Gardens,Wooded,1,1,1,1,
226,Nut Planted in the Tower,Wooded,1,1,1,1,
227,Stretching Your Legs,Wooded,1,1,1,1,
228,Spinning-Platforms Treasure,Wooded,0,0,1,0,
229,Make the Secret Flower Field Bloom,Wooded,0,0,0,0,
230,Rolling Rock in the Deep Woods,Wooded,0,0,1,0,
231,Glowing in the Deep Woods,Wooded,0,0,1,0,
232,Past The Peculiar Pipes,Wooded,0,0,0,0,
233,By the Babbling Brook in the Deep Woods,Wooded,0,0,1,0,
234,The Hard Rock in Deep Woods,Wooded,0,0,1,0,
235,A Treasure Made of Coins,Wooded,0,0,0,0,
236,Beneath the Roots of a Moving Tree,Wooded,0,0,1,0,
237,Deep Woods Treasure Trap,Wooded,0,0,0,0,
238,Exploring for Treasure,Wooded,0,0,0,0,
239,Wooded Kingdom Timer Challenge 1,Wooded,0,0,0,0,
240,Wooded Kingdom Timer Challenge 2,Wooded,0,0,1,0,
241,Flooding Pipeway,Wooded,1,1,1,1,
242,Flooding Pipeway Ceiling Secret,Wooded,1,1,1,1,
243,Wandering in the Fog,Wooded,0,0,0,0,
244,Nut Hidden in the Fog,Wooded,0,0,0,0,
245,Flower Road Run,Wooded,0,0,0,0,
246,Flower Road Reach,Wooded,0,0,0,0,
247,Elevator Escalation,Wooded,0,0,0,0,
248,Elevator Blind Spot,Wooded,0,0,0,0,
249,Walking on Clouds,Wooded,0,0,0,0,
250,Above the Clouds,Wooded,0,0,0,0,
251,Secret Path to the Steam Gardens,Wooded,0,0,1,0,
252,Found with Wooded Kingdom Art,Sand,0,0,1,0,
253,Swing Around Secret Flower Field,Wooded,0,0,0,0,
254,Jammin’ in the Wooded Kingdom,Wooded,0,0,0,0,
255,Wooded Kingdom Regular Cup,Wooded,0,0,0,0,
256,Peach in the Wooded Kingdom,Wooded,0,0,1,0,
257,High Up in the Cave,Wooded,0,0,0,0,
258,Lost in the Tall Trees,Wooded,0,0,1,0,
259,Looking Down on the Goombas,Wooded,0,0,1,0,
260,High Up on a Rock Wall,Wooded,0,0,1,0,
261,The Nut in the Robot Storeroom,Wooded,0,0,1,0,
262,Above the Iron Mountain Path,Wooded,0,0,1,0,
263,The Nut Under the Observation Deck,Wooded,0,0,1,0,
264,Bird Traveling the Forest,Wooded,0,0,1,0,
265,Invader in the Sky Garden,Wooded,0,0,0,0,
266,"Hot, Hot, Hot from the Campfire",Wooded,0,0,0,0,
267,Wooded Kingdom Timer Challenge 3,Wooded,0,0,1,0,
268,Moon Shards in the Forest,Wooded,0,0,1,0,
269,Taking Notes: On Top of the Wall,Wooded,0,0,0,0,
270,Taking Notes: Stretching,Wooded,0,0,0,0,
271,Wooded Kingdom Master Cup,Wooded,0,0,0,0,
272,I Met an Uproot!,Wooded,0,0,0,0,
273,Invisible Road: Danger!,Wooded,0,0,0,0,
274,Invisible Road: Hidden Room,Wooded,0,0,0,0,
275,Herding Sheep Above the Forest Fog,Wooded,0,0,0,0,
276,Herding Sheep on the Iron Bridge,Wooded,0,0,0,0,
277,Down and Back Breakdown Road,Wooded,0,0,1,0,
278,Below Breakdown Road,Wooded,0,0,1,0,
279,Picture Match: Basically a Goomba,Cloud,0,0,0,0,
280,Peach in the Cloud Kingdom,Cloud,0,0,0,0,
281,Digging in the… Cloud?,Cloud,0,0,0,0,
282,"High, High Above the Clouds",Cloud,0,0,0,0,
283,Crossing the Cloud Sea,Cloud,0,0,0,0,
284,Taking Notes: Up and Down,Cloud,0,0,0,0,
285,Picture Match: A Stellar Goomba!,Cloud,0,0,0,0,
286,King of the Cube!,Cloud,0,0,0,0,
287,The Sixth Face,Cloud,0,0,0,0,
288,Atop a Propeller Pillar,Lost,1,1,1,1,
289,Below the Cliff’s Edge,Lost,1,1,1,1,
290,Inside the Stone Cage,Lost,1,1,1,1,
291,On a Tree in the Swamp,Lost,1,1,1,1,
292,"Over the Fuzzies, Above the Swamp",Lost,0,1,1,1,
293,Avoiding Fuzzies Inside the Wall,Lost,0,1,1,1,
294,Inside the Rising Stone Pillar,Lost,1,1,1,1,
295,Enjoying the View of Forgotten Isle,Lost,0,1,1,1,
296,On the Mountain Road,Lost,1,1,1,1,
297,A Propeller Pillar’s Secret,Lost,1,1,1,1,
298,Wrecked Rock Block,Lost,1,1,1,1,
299,A Butterfly’s Treasure,Lost,1,1,1,1,
300,Caught Hopping in the Jungle!,Lost,0,1,1,1,
301,Cave Gardening,Lost,0,1,1,1,
302,Moon Shards in the Jungle,Lost,0,1,1,1,
303,Peeking Out from Under the Bridge,Lost,1,1,1,1,
304,Twist ‘n’ Turn-Up Treasure,Lost,0,0,1,0,
305,Soaring Over the Forgotten Isle!,Lost,0,0,1,0,
306,The Caged Gold,Lost,1,1,1,1,
307,"Get Some Rest, Captain Toad",Lost,0,1,1,1,
308,Shopping on Forgotten Isle,Lost,0,1,1,1,
309,Taxi Flying Through Forgotten Isle,Lost,0,0,0,0,
310,I met a Tropical Wiggler!,Lost,0,0,0,0,
311,Lost Kingdom Regular Cup,Lost,0,0,0,0,
312,Peach in the Lost Kingdom,Lost,0,0,0,0,
313,The Shining Fruit,Lost,0,1,1,1,
314,Jump Down to the Top of a Tree,Lost,0,1,1,1,
315,"Line It Up, Blow It Up",Lost,0,1,1,1,
316,Taking Notes: Stretch and Shrink,Lost,0,1,1,1,
317,Lost Kingdom Master Cup,Lost,0,0,0,0,
318,Lost Kingdom Timer Challenge,Lost,0,1,1,1,
319,Stretch and Traverse the Jungle,Lost,0,0,0,0,
320,Aglow in the Jungle,Lost,0,0,0,0,
321,Chasing Klepto,Lost,0,0,0,0,
322,Extremely Hot Bath,Lost,0,0,0,0,
323,New Donk City’s Pest Problem,Metro,1,1,1,1,
324,Drummer on Board!,Metro,1,1,1,1,
325,Guitarist on Board!,Metro,0,0,1,0,
326,Bassist on Board!,Metro,1,1,1,1,
327,Trumpeter on Board!,Metro,0,0,1,0,
328,Powering Up the Station,Metro,0,0,1,0,
329,A Traditional Festival!,Metro,0,0,1,0,
330,Inside an Iron Girder,Metro,1,1,1,1,
331,Swaying in the Breeze,Metro,1,1,1,1,
332,Girder Sandwich,Metro,1,1,1,1,
333,Glittering Above the Pool,Metro,1,1,1,1,
334,Dizzying Heights,Metro,1,1,1,1,
335,Secret Girder Tunnel!,Metro,1,1,1,1,
336,Who Piled Garbage on This?,Metro,1,1,1,1,
337,Hidden in the Scrap,Metro,1,1,1,1,
338,Left at the Cafe?,Metro,1,1,1,1,
339,Caught Hopping on a Building!,Metro,0,0,1,0,
340,How Do They Take Out the Trash?,Metro,1,1,1,1,
341,Metro Kingdom Timer Challenge 1,Metro,0,0,1,0,
342,Metro Kingdom Timer Challenge 2,Metro,0,0,1,0,
343,City Gardening: Building Planter,Metro,0,0,1,0,
344,City Gardening: Plaza Planter,Metro,0,0,1,0,
345,City Gardening: Rooftop Planter,Metro,0,0,0,0,
346,"How You Doin’, Captain Toad?",Metro,0,0,0,0,
347,Free Parking: Rooftop Hop,Metro,0,0,1,0,
348,Bench Friends,Metro,1,1,1,1,
349,Shopping in New Donk City,Metro,0,1,1,1,
350,Metro Kingdom Slots,Metro,0,0,1,0,
351,Jump-Rope Hero,Metro,0,0,0,0,
352,Jump-Rope Genius,Metro,0,0,0,0,
353,Remotely Captured Car,Metro,1,1,1,1,
354,RC Car Pro!,Metro,0,0,0,0,
355,Taking Notes: In the Private Room,Metro,0,0,0,0,
356,City Hall Lost & Found,Metro,1,1,1,1,
357,Sewer Treasure,Metro,0,0,1,0,
358,Celebrating in the Streets!,Metro,0,0,1,0,
359,Pushing Through the Crowd,Metro,1,1,1,1,
360,High Over the Crowd,Metro,1,1,1,1,
361,Rewiring the Neighborhood,Metro,0,0,0,0,
362,Off the Beaten Wire,Metro,0,0,0,0,
363,Moon Shards Under Siege,Metro,0,0,0,0,
364,Sharpshooting Under Siege,Metro,0,0,0,0,
365,Inside the Rotating Maze,Metro,0,0,0,0,
366,Outside the Rotating Maze,Metro,0,0,0,0,
367,Hanging from a High-Rise,Metro,0,0,0,0,
368,Vaulting Up a High-Rise,Metro,0,0,0,0,
369,Bullet Billding,Metro,1,1,1,1,
370,One Man’s Trash…,Metro,1,1,1,1,
371,Motor Scooter: Escape!,Metro,0,0,0,0,
372,Big Jump: Escape!,Metro,0,0,0,0,
373,Secret Path to New Donk City!,Metro,0,0,1,0,
374,A Tourist in the Metro Kingdom!,Metro,0,0,1,0,
375,Found with Metro Kingdom Art,Lake,0,0,1,0,
376,Bird Traveling in the City,Metro,0,0,1,0,
377,Mario Signs His Name,Metro,0,0,0,0,
378,Surprise Clown!,Metro,0,0,0,0,
379,A Request from the Mayor,Metro,0,0,0,0,
380,Jammin’ in the Metro Kingdom,Metro,0,0,0,0,
381,Sphynx in the City,Metro,0,0,1,0,
382,Free Parking: Leap of Faith,Metro,0,0,0,0,
383,Metro Kingdom Regular Cup,Metro,0,0,0,0,
384,Hat-and-Seek: In the City,Metro,0,0,1,0,
385,Powering Up the Power Plant,Metro,0,0,0,0,
386,Up on the Big Screen,Metro,0,0,0,0,
387,Down Inside the Big Screen,Metro,0,0,0,0,
388,Peach in the Metro Kingdom,Metro,0,0,1,0,
389,Hanging Between Buildings,Metro,0,0,1,0,
390,Crossing Lines,Metro,0,0,0,0,
391,Out of a Crate in the City,Metro,0,0,1,0,
392,Bird Traveling in the Park,Metro,0,0,1,0,
393,Metro Kingdom Timer Challenge 3,Metro,0,0,1,0,
394,Found in the Park! Good Dog!,Metro,0,0,1,0,
395,RC Car Champ!,Metro,0,0,0,0,
396,Metro Kingdom Master Cup,Metro,0,0,0,0,
397,Hat-and-Seek: In the Crowd,Metro,0,0,1,0,
398,Scaling Pitchblack Mountain,Metro,0,0,1,0,
399,Reaching Pitchblack Island,Metro,0,0,1,0,
400,Swinging Scaffolding: Jump!,Metro,0,0,0,0,
401,Swinging Scaffolding: Break!,Metro,0,0,0,0,
402,Moto Scooter: Daredevil!,Metro,0,0,0,0,
403,Full-Throttle Scooting!,Metro,0,0,0,0,
404,The Stone Pillar Seal,Seaside,0,0,1,0,
405,The Lighthouse Seal,Seaside,0,0,1,0,
406,The Hot Spring Seal,Seaside,0,0,1,0,
407,The Seal Above the Canyon,Seaside,0,0,1,0,
408,The Glass Is Half Full!,Seaside,0,0,1,0,
409,On the Cliff Overlooking the Beach,Seaside,1,1,1,1,
410,Ride the Jetstream,Seaside,1,1,1,1,
411,Ocean-Bottom Maze: Treasure,Seaside,0,0,1,0,
412,Ocean-Bottom Maze: Hidden Room,Seaside,0,0,1,0,
413,Underwater Highway Tunnel,Seaside,0,0,1,0,
414,Shh! It’s a Shortcut!,Seaside,1,1,1,1,
415,Gap in the Ocean Trench,Seaside,1,1,1,1,
416,Slip Through the Nesting Spot,Seaside,0,0,1,0,
417,"Merci, Dorrie!",Seaside,1,1,1,1,
418,"Bonjour, Dorrie!",Seaside,0,0,1,0,
419,Under a Dangerous Ceiling,Seaside,1,1,1,1,
420,What the Waves Left Behind,Seaside,0,1,1,1,
421,The Back Canyon: Excavate!,Seaside,0,1,1,1,
422,Bubblaine Northern Reaches,Seaside,1,1,1,1,
423,Wriggling on the Sandy Bottom,Seaside,0,0,0,0,
424,Glass Palace Treasure Chest,Seaside,1,1,1,1,
425,Treasure Trap Hidden in the Inlet,Seaside,0,0,1,0,
426,Sea Gardening: Inlet Seed,Seaside,0,0,1,0,
427,Sea Gardening Canyon Seed,Seaside,0,0,0,0,
428,Sea Gardening: Hot-Spring Seed,Seaside,0,0,0,0,
429,Sea Gardening: Ocean Trench Seed,Seaside,0,0,0,0,
430,Seaside Kingdom Timer Challenge 1,Seaside,0,0,0,0,
431,Seaside Kingdom Timer Challenge 2,Seaside,0,0,0,0,
432,Found on the Beach! Good Dog!,Seaside,0,0,0,0,
433,Moon Shards in the Sea,Seaside,0,0,0,0,
434,Taking Notes: Ocean Surface Dash,Seaside,0,0,1,0,
435,Love by the Seaside,Seaside,0,0,0,0,
436,Lighthouse Leaper,Seaside,0,0,1,0,
437,"Good Job, Captain Toad!",Seaside,0,1,1,1,
438,Ocean Quiz: Good!,Seaside,0,0,0,0,
439,Shopping in Bubblaine,Seaside,0,0,1,0,
440,Beach Volleyball: Champ,Seaside,0,0,0,0,
441,Beach Volleyball: Hero of the Beach!,Seaside,0,0,0,0,
442,Looking Back in the Dark Waterway,Seaside,0,0,0,0,
443,The Sphynx’s Underwater Vault,Seaside,1,1,1,1,
444,A Rumble on the Seaside Floor,Seaside,1,1,1,1,
445,A Relaxing Dance,Seaside,0,0,0,0,
446,Wading in the Cloud Sea,Seaside,0,0,0,0,
447,Sunken Treasure in the Cloud Sea,Seaside,0,0,0,0,
448,Fly Through the Narrow Valley,Seaside,0,0,0,0,
449,Treasure Chest in the Narrow Valley,Seaside,0,0,0,0,
450,Hurry and Stretch,Seaside,0,0,0,0,
451,Stretch on the Side Path,Seaside,0,0,0,0,
452,Secret Path to Bubblaine,Seaside,0,0,1,0,
453,Found with Seaside Kingdom Art,Metro,0,0,0,0,
454,Seaside Kingdom Regular Cup,Seaside,0,0,0,0,
455,Peach in the Seaside Kingdom,Seaside,0,0,1,0,
456,Above the Parasol: Catch!,Seaside,0,0,1,0,
457,What Shines Inside the Glass,Seaside,0,0,1,0,
458,A Fine Detail on the Glass,Seaside,0,0,1,0,
459,Underwater Highway West: Explore!,Seaside,0,0,1,0,
460,Underwater Highway East: Explore!,Seaside,0,0,1,0,
461,Rapid Ascent on Hot Spring Island,Seaside,0,0,1,0,
462,A Light Next to the Lighthouse,Seaside,0,0,1,0,
463,The Tall Rock Shelf in the Deep Ocean,Seaside,0,0,1,0,
464,At the Base of the Lighthouse,Seaside,0,0,1,0,
465,Bird Traveling Over the Ocean,Seaside,0,0,1,0,
466,Caught Hopping at Glass Palace!,Seaside,0,0,1,0,
467,Seaside Kingdom Timer Challenge 3,Seaside,0,0,0,0,
468,Taking Notes: Ocean-Bottom Maze,Seaside,0,0,1,0,
469,Taking Notes in the Sea,Seaside,0,0,0,0,
470,Seaside Kingdom Master Cup,Seaside,0,0,0,0,
471,Aim! Poke!,Seaside,0,0,0,0,
472,Poke! Roll!,Seaside,0,0,0,0,
473,The Spinning Maze: Search!,Seaside,0,0,0,0,
474,The Spinning Maze: Open!,Seaside,0,0,0,0,
475,The Icicle Barrier,Snow,1,1,1,1,
476,The Ice Wall Barrier,Snow,0,0,1,0,
477,The Gusty Barrier,Snow,1,1,1,1,
478,The Snowy Mountain Barrier,Snow,0,0,1,0,
479,The Bound Bowl Grand Prix,Snow,0,0,1,0,
480,Entrance to Shiveria,Snow,1,1,1,1,
481,Behind the Snowy Mountain,Snow,1,1,1,1,
482,Shining in the Snow in Town,Snow,1,1,1,1,
483,Atop a Blustery Arch,Snow,1,1,1,1,
484,Caught Hopping in the Snow!,Snow,0,0,1,0,
485,The Shiverian Treasure Chest,Snow,1,1,1,1,
486,Treasure in the Ice Wall,Snow,0,0,1,0,
487,Snow Kingdom Timer Challenge 1,Snow,0,0,1,0,
488,Snow Kingdom Timer Challenge 2,Snow,0,0,1,0,
489,Moon Shards in the Snow,Snow,0,0,0,0,
490,Taking Notes: Snow Path Dash,Snow,0,0,1,0,
491,Fishing in the Glacier!,Snow,0,0,1,0,
492,Ice-Dodging Goomba Stack,Snow,1,1,1,1,
493,Captain Toad is Chilly!,Snow,1,1,1,1,
494,I’m Not Cold!,Snow,0,0,0,0,
495,Shopping in Shiveria,Snow,1,1,1,1,
496,Walking on Ice!,Snow,0,0,0,0,
497,Snowline Circuit Class S,Snow,0,0,0,0,
498,Dashing Over Cold Water!,Snow,0,0,0,0,
499,Dashing Above and Beyond!,Snow,0,0,0,0,
500,Jump ‘n’ Swim in the Freezing Water,Snow,0,0,0,0,
501,Freezing Water Near the Ceiling,Snow,0,0,0,0,
502,Blowing and Sliding,Snow,0,0,0,0,
503,Moon Shards in the Cold Room,Snow,0,0,0,0,
504,Slip Behind the Ice,Snow,0,0,0,0,
505,Spinning Above the Clouds,Snow,0,0,0,0,
506,High-Altitude Spinning,Snow,0,0,0,0,
507,Secret Path to Shiveria!,Snow,1,1,1,1,
508,Found with Snow Kingdom Art,Lost,0,1,1,1,
509,Snow Kingdom Regular Cup,Snow,0,0,0,0,
510,Hat-and-Seek in the Snow,Snow,0,0,1,0,
511,Peach in the Snow Kingdom,Snow,0,0,1,0,
512,Shining on High,Snow,0,0,1,0,
513,Above the Freezing Fish Pond,Snow,0,0,1,0,
514,Ice Floe Swimming,Snow,0,0,1,0,
515,Icy Jump Challenge,Snow,0,0,1,0,
516,Forgotten in the Holding Room,Snow,0,0,1,0,
517,It Popped Out of the Ice,Snow,0,0,1,0,
518,"Deep in the Cold, Cold Water",Snow,0,0,1,0,
519,Water Pooling in the Crevasse,Snow,0,0,1,0,
520,Squirming Under the Ice,Snow,0,0,1,0,
521,Snow Kingdom Timer Challenge 3,Snow,0,0,1,0,
522,Stacked-Up Ice Climb,Snow,0,0,0,0,
523,I Met a Snow Cheep Cheep!,Snow,0,0,0,0,
524,Even More Walking on Ice!,Snow,0,0,0,0,
525,Snow Kingdom Master Cup,Snow,0,0,0,0,
526,Iceburn Circuit Class A,Snow,0,0,0,0,
527,Iceburn Circuit Class S,Snow,0,0,0,0,
528,Running the Flower Road,Snow,0,0,0,0,
529,Looking Back on the Flower Road,Snow,0,0,0,0,
530,The Broodals Are After Some Cookin’,Luncheon,1,1,1,1,
531,Under the Cheese Rocks,Luncheon,1,1,1,1,
532,Big Pot on the Volcano: Dive In!,Luncheon,1,1,1,1,
533,Climb Up the Cascading Magma,Luncheon,0,0,1,0,
534,Cookatiel Showdown!,Luncheon,0,0,1,0,
535,Piled on the Salt,Luncheon,1,1,1,1,
536,Lurking in the Pillar’s Shadow,Luncheon,1,1,1,1,
537,Atop the Jutting Crag,Luncheon,1,1,1,1,
538,Is This an Ingredient Too?!,Luncheon,1,1,1,1,
539,Atop a Column in a Row,Luncheon,1,1,1,1,
540,Surrounded by Tall Mountains,Luncheon,1,1,1,1,
541,Island of Salt Floating in the Lava,Luncheon,1,1,1,1,
542,Overlooking a Bunch of Ingredients,Luncheon,1,1,1,1,
543,Light the Lantern on the Small Island,Luncheon,1,1,1,1,
544,Golden Turnip Recipe 1,Luncheon,1,1,1,1,
545,Golden Turnip Recipe 2,Luncheon,0,0,0,0,
546,Golden Turnip Recipe 3,Luncheon,0,0,0,0,
547,Luncheon Kingdom Timer Challenge 1,Luncheon,0,0,1,0,
548,Luncheon Kingdom Timer Challenge 2,Luncheon,0,0,0,0,
549,Luncheon Kingdom Timer Challenge 3,Luncheon,0,0,1,0,
550,Beneath the Rolling Vegetables,Luncheon,0,0,0,0,
551,All the Cracks Are Fixed,Luncheon,0,0,1,0,
552,Taking Notes: Swimming in Magma,Luncheon,0,0,1,0,
553,Love Above the Lava,Luncheon,0,0,1,0,
554,Shopping in Mount Volbono,Luncheon,0,0,0,0,
555,Luncheon Kingdom Slots,Luncheon,0,0,1,0,
556,A Strong Simmer,Luncheon,0,0,0,0,
557,An Extreme Simmer,Luncheon,0,0,0,0,
558,Alcove Behind the Pillars of Magma,Luncheon,0,0,1,0,
559,Treasure Beneath the Cheese Rocks,Luncheon,0,0,0,0,
560,Light the Two Flames,Luncheon,0,0,1,0,
561,Light the Far-Off Lanterns,Luncheon,0,0,1,0,
562,"Bon Appetit, Captain Toad!",Luncheon,0,0,1,0,
563,The Treasure Chest in the Veggies,Luncheon,0,0,1,0,
564,Caught Hopping at the Volcano!,Luncheon,0,0,0,0,
565,Taking Notes: Big Pot Swim,Luncheon,0,0,0,0,
566,Magma Swamp: Floating and Sinking,Luncheon,0,0,0,0,
567,Corner of the Magma Swamp,Luncheon,1,1,1,1,
568,Magma Narrow Path,Luncheon,0,1,1,1,
569,Crossing to the Magma,Luncheon,0,1,1,1,
570,Fork Flickin’ to the Summit,Luncheon,1,1,1,1,
571,Fork Flickin’ Detour,Luncheon,1,1,1,1,
572,Excavate ‘n’ Search the Cheese Rocks,Luncheon,0,0,0,0,
573,Climb the Cheese Rocks,Luncheon,0,0,0,0,
574,Spinning Athletics End Goal,Luncheon,0,0,0,0,
575,Taking Notes: Spinning Athletics,Luncheon,0,0,0,0,
576,Secret Path to Mount Volbono!,Luncheon,0,0,1,0,
577,A Tourist in the Luncheon Kingdom!,Luncheon,0,0,1,0,
578,Found with Luncheon Kingdom Art,Seaside,0,0,1,0,
579,The Rooftop Lantern,Luncheon,0,0,0,0,
580,Jammin’ in the Luncheon Kingdom,Luncheon,0,0,1,0,
581,Mechanic: Repairs Complete!,Luncheon,0,0,0,0,
582,Diving from the Big Pot!,Luncheon,0,0,0,0,
583,Hat-and-Seek: Among the Food,Luncheon,0,0,1,0,
584,Luncheon Kingdom: Regular Cup,Luncheon,0,0,0,0,
585,Peach in the Luncheon Kingdom,Luncheon,0,0,1,0,
586,From Inside a Bright Stone,Luncheon,0,0,1,0,
587,Under the Meat Plateau,Luncheon,0,0,1,0,
588,"On Top of a Tall, Tall Roof",Luncheon,0,0,1,0,
589,From a Crack in the Hard Ground,Luncheon,0,0,1,0,
590,By the Cannon Pointed at the Big Pot,Luncheon,0,0,1,0,
591,Luncheon Kingdom: Master Cup,Luncheon,0,0,0,0,
592,Stepping Over the Gears and Lanterns on the Gear Steps,Luncheon,0,0,0,0,
593,Lanterns on the Gear Steps,Luncheon,0,0,0,0,
594,Volcano Cave Cruisin’,Luncheon,0,0,0,0,
595,Volcano Cave and Mysterious Clouds,Luncheon,0,0,0,0,
596,Treasure of the Lava Islands,Luncheon,0,0,1,0,
597,Flying Over the Lava Islands,Luncheon,0,0,1,0,
598,Battle with the Lord of Lightning!,Ruined,1,1,1,1,
599,In the Ancient Treasure Chest,Ruined,0,1,1,1,
600,Roulette Tower: Climbed,Ruined,0,0,0,0,
601,Roulette Tower: Stopped,Ruined,0,0,0,0,
602,Peach in the Ruined Kingdom,Ruined,0,0,0,0,
603,Caught in a Big Horn,Ruined,0,0,0,0,
604,Upon the Broken Arch,Ruined,0,0,0,0,
605,Rolling Rock on the Battlefield,Ruined,0,0,0,0,
606,Charging Through an Army,Ruined,0,0,0,0,
607,The Mummy’s Curse,Ruined,0,0,0,0,
608,Infiltrate Bowser’s Castle,Bowsers,1,1,1,1,
609,Smart Bombing,Bowsers,1,1,1,1,
610,Big Broodal Battle,Bowsers,1,1,1,1,
611,Showdown at Bowser’s Castle,Bowsers,1,1,1,1,
612,Behind the Big Wall,Bowsers,0,1,1,1,
613,Treasure Inside the Turret,Bowsers,0,1,1,1,
614,From the Side above the Castle Gate,Bowsers,1,1,1,1,
615,Sunken Treasure in the Moat,Bowsers,0,1,1,1,
616,Past the Moving Wall,Bowsers,0,0,1,0,
617,Above the Poison Swamp,Bowsers,0,1,1,1,
618,Knocking Down the Nice Frame,Bowsers,0,1,1,1,
619,Caught on the Iron Fence,Bowsers,0,1,1,1,
620,On the Giant Bowser Statue’s Nose,Bowsers,0,1,1,1,
621,Inside a Block in the Castle,Bowsers,0,1,1,1,
622,Caught Hopping at Bowser’s Castle!,Bowsers,0,1,1,1,
623,Exterminate the Ogres!,Bowsers,0,0,0,0,
624,Bowser’s Kingdom Timer Challenge 1,Bowsers,0,1,1,1,
625,Taking notes: Between spinies,Bowsers,0,1,1,1,
626,Stack up above the wall,Bowsers,0,0,0,0,
627,Hidden Corridor Under the Floor,Bowsers,1,1,1,1,
628,Poking Your Nose in the Plaster Wall,Bowsers,0,0,1,0,
629,Poking the Turret Wall,Bowsers,0,1,1,1,
630,Poking Your Nose by the Great Gate,Bowsers,0,1,1,1,
631,Jizo All in a Row,Bowsers,0,1,1,1,
632,Underground Jizo,Bowsers,0,1,1,1,
633,Found Behind Bars!,Bowsers,0,0,0,0,
634,Fishing(?) in Bowser’s Castle,Bowsers,0,0,0,0,
635,"Good to See You, Captain Toad!",Bowsers,0,0,1,0,
636,Shopping at Bowser’s Castle,Bowsers,0,0,0,0,
637,Bowser’s Castle Treasure Vault,Bowsers,0,0,0,0,
638,Scene of Crossing the Poison Swamp,Bowsers,0,0,0,0,
639,Taking Notes: In the Folding Screen,Bowsers,0,0,0,0,
640,On Top of the Spinning Tower,Bowsers,0,0,0,0,
641,Down and Up the Spinning Tower,Bowsers,0,0,0,0,
642,Jizo’s Big Adventure,Bowsers,0,1,1,1,
643,Jizo and the Hidden Room,Bowsers,0,1,1,1,
644,Dashing Above the Clouds,Bowsers,0,0,0,0,
645,Dashing Through the Clouds,Bowsers,0,0,0,0,
646,Sphynx Over Bowser’s Castle,Bowsers,0,0,0,0,
647,I Met a Pokio!,Bowsers,0,0,0,0,
648,Bowser’s Kingdom Regular Cup,Bowsers,0,0,0,0,
649,A Rumble Under the Arena Floor,Bowsers,0,1,1,1,
650,Secret Path to Bowser’s Castle,Bowsers,0,1,1,1,
651,Peach in Bowser’s Kingdom,Bowsers,0,0,0,0,
652,Found with Bowser’s Kingdom Art,Sand,0,0,1,0,
653,"Behind the Tall Wall: Poke, Poke!",Bowsers,0,0,0,0,
654,From Crates in the Moat,Bowsers,0,1,1,1,
655,Caught on the Giant Horn,Bowsers,0,1,1,1,
656,Inside a Block at the Gate,Bowsers,0,0,0,0,
657,Small Bird in Bowser’s Castle,Bowsers,0,1,1,1,
658,Invader in Bowser’s Castle,Bowsers,0,0,1,0,
659,Jumping from Flag to Flag,Bowsers,0,0,0,0,
660,Bowser’s Kingdom Timer Challenge 2,Bowsers,0,0,0,0,
661,Taking Notes: On the Wall,Bowsers,0,0,1,0,
662,Taking Notes with a Spinning Throw,Bowsers,0,0,0,0,
663,Third Courtyard Outskirts,Bowsers,0,1,1,1,
664,Stone Wall Circuit,Bowsers,0,0,0,0,
665,Bowser’s Kingdom Master Cup,Bowsers,0,0,0,0,
666,Searching Hexagon Tower,Bowsers,0,0,0,0,
667,Center of Hexagon Tower,Bowsers,0,0,0,0,
668,Climb the Wooden Tower,Bowsers,0,0,0,0,
669,Poke the Wooden Tower,Bowsers,0,0,0,0,
670,Shining Above the Moon,Moon,0,1,1,1,
671,Along the Cliff Face,Moon,0,0,0,0,
672,The Tip of a White Spire,Moon,0,0,1,0,
673,Rolling Rock on the Moon,Moon,0,1,1,1,
674,Caught Hopping on the Moon!,Moon,0,1,1,1,
675,Cliffside Treasure Chest,Moon,0,1,1,1,
676,Moon Kingdom Timer Challenge 1,Moon,0,0,0,0,
677,Taking Notes: On the Moon’s Surface,Moon,0,0,0,0,
678,Under the Bowser Statue,Moon,0,0,0,0,
679,In a Hole in the Magma,Moon,0,0,0,0,
680,Around the Barrier Wall,Moon,0,0,0,0,
681,On Top of the Cannon,Moon,0,0,0,0,
682,Fly to the Treasure Chest and Back,Moon,0,0,0,0,
683,Up in the Rafters,Moon,0,1,1,1,
684,Sneaking Around in the Crater,Moon,0,0,1,0,
685,"Found on the Moon, Good Dog!",Moon,0,0,0,0,
686,Moon Shards on the Moon,Moon,0,0,0,0,
687,Moon Quiz: Amazing!,Moon,0,0,0,0,
688,"Thanks, Captain Toad!",Moon,0,0,1,0,
689,Shopping in Honeylune Ridge,Moon,0,0,0,0,
690,Walking on the Moon!,Moon,0,0,0,0,
691,Moon Kingdom Regular Cup,Moon,0,0,0,0,
692,Doctor in the House,Moon,0,0,0,0,
693,Sphynx’s Hidden Vault,Moon,0,0,0,0,
694,A Tourist in the Moon Kingdom,Moon,0,0,1,0,
695,Peach in the Moon Kingdom,Moon,0,0,0,0,
696,Found with Moon Kindgom Art,Wooded,0,0,0,0,
697,Mysterious Flying Object,Moon,0,0,0,0,
698,Hidden on the Side of the Cliff,Moon,0,0,0,0,
699,Jumping High as a Frog,Moon,0,0,0,0,
700,Moon Kingdom Timer Challenge 2,Moon,0,0,0,0,
701,Walking on the Moon: Again!,Moon,0,0,0,0,
702,Moon Kingdom Master Cup,Moon,0,0,0,0,
703,Taking Notes: In Low Gravity,Moon,0,0,0,0,
704,Center of the Galaxy,Moon,0,0,0,0,
705,Edge of the Galaxy,Moon,0,0,0,0,
706,Navigating Giant Swings,Moon,0,0,0,0,
707,A Swing on Top of a Swing,Moon,0,0,0,0,
708,Perched on the Castle Roof,Mushroom,0,1,1,1,
709,Pops out of the Tail,Mushroom,0,1,1,1,
710,Caught Hopping at Peach’s Castle!,Mushroom,0,1,1,1,
711,Gardening for Toad: Garden Seed,Mushroom,0,0,1,0,
712,Gardening for Toad: Field Seed,Mushroom,0,0,1,0,
713,Gardening for Toad: Pasture Seed,Mushroom,0,0,0,0,
714,Gardening for Toad: Lake Seed,Mushroom,0,0,0,0,
715,Grow a Flower Garden,Mushroom,0,1,1,1,
716,Mushroom Kingdom Timer Challenge,Mushroom,0,1,1,1,
717,Found at Peach’s Castle! Good Dog!,Mushroom,0,0,0,0,
718,Taking Notes: Around the Well,Mushroom,0,0,0,0,
719,Herding Sheep at Peach’s Castle,Mushroom,0,0,0,0,
720,Gobbling Fruit with Yoshi,Mushroom,0,0,0,0,
721,Yoshi’s Second Helping!,Mushroom,0,0,0,0,
722,Yoshi’s All Filled Up!,Mushroom,0,0,0,0,
723,Love at Peach’s Castle,Mushroom,0,1,1,1,
724,Toad Defender,Mushroom,0,1,1,1,
725,"Forever Onward, Captain Toad!",Mushroom,0,1,1,1,
726,Jammin’ in the Mushroom Kingdom,Mushroom,0,1,1,1,
727,Shopping Near Peach’s Castle,Mushroom,0,1,1,1,
728,Mushroom Kingdom Regular Cup,Mushroom,0,0,0,0,
729,Mushroom Kingdom Master Cup,Mushroom,0,0,0,0,
730,Picture Match: Basically Mario,Mushroom,0,0,0,0,
731,Picture Match: A Stellar Mario!,Mushroom,0,0,0,0,
732,Light from the Ceiling,Mushroom,0,1,1,1,
733,Loose-Tile Trackdown,Mushroom,0,0,0,0,
734,Totally Classic,Mushroom,0,0,0,0,
735,Courtyard Chest Trap,Mushroom,0,0,0,0,
736,Yoshi’s Feast in the Sea of Clouds,Mushroom,0,0,0,0,
737,Sunken Star in the Sea of Clouds,Mushroom,0,0,0,0,
738,Secret 2D Treasure,Mushroom,0,0,0,0,
739,2D Boost from Bullet Bill,Mushroom,0,0,0,0,
740,Tussle in Toastarena: Rematch,Mushroom,0,0,0,0,
741,Struggle in Steam Gardens: Rematch,Mushroom,0,0,0,0,
742,Dust-Up in New Donk City: Rematch,Mushroom,0,0,0,0,
743,Battle in Bubblaine: Rematch,Mushroom,0,0,0,0,
744,Blowup at Mount Volbono: Rematch,Mushroom,0,0,0,0,
745,Rumble in Crumbleden: Rematch,Mushroom,0,0,0,0,
746,Secret Path to Peach’s Castle!,Mushroom,0,0,1,0,
747,A Tourist in the Mushroom Kingdom,Mushroom,0,0,1,0,
748,Found with Mushroom Kingdom Art,Cap,0,1,1,1,
749,Hat-and-Seek: Mushroom Kingdom,Mushroom,0,0,0,0,
750,"Princess Peach, Home Again!",Mushroom,0,0,0,0,
751,Arrival at Rabbit Ridge,Dark,0,0,0,0,
752,Captain Toad on the Dark Side!,Dark,0,0,0,0,
753,Breakdown Road: Hurry,Dark,0,0,0,0,
754,Breakdown Road: Final Challenge!,Dark,0,0,0,0,
755,Invisible Road: Rush!,Dark,0,0,0,0,
756,Invisible Road: Secret!,Dark,0,0,0,0,
757,Vanishing Road Rush,Dark,0,0,0,0,
758,Vanishing Road Challenge,Dark,0,0,0,0,
759,Yoshi Under Siege,Dark,0,0,0,0,
760,Fruit Feast Under Siege,Dark,0,0,0,0,
761,Yoshi on the Sinking Island,Dark,0,0,0,0,
762,Fruit Feast on the Sinking Island,Dark,0,0,0,0,
763,Yoshi’s Magma Swamp,Dark,0,0,0,0,
764,Fruit Feast in the Magma Swamp!,Dark,0,0,0,0,